Distance_(unit),Gray_Value
0.00000,2.233
0.00174,2.100
0.00348,2.300
0.00522,2.533
0.00697,2.200
0.00871,1.900
0.01045,1.700
0.01219,1.800
0.01393,2.300
0.01567,2.500
0.01741,2.167
0.01916,1.967
0.02090,1.767
0.02264,1.867
0.02438,1.733
0.02612,1.500
0.02786,1.267
0.02961,0.967
0.03135,1.067
0.03309,1.733
0.03483,1.767
0.03657,1.500
0.03831,1.467
0.04005,1.633
0.04180,2.200
0.04354,2.067
0.04528,2.300
0.04702,1.967
0.04876,2.367
0.05050,2.267
0.05224,2.233
0.05399,2.467
0.05573,2.367
0.05747,1.900
0.05921,1.600
0.06095,1.900
0.06269,2.167
0.06444,2.067
0.06618,1.867
0.06792,2.367
0.06966,2.567
0.07140,2.467
0.07314,2.133
0.07488,2.033
0.07663,2.000
0.07837,1.800
0.08011,1.700
0.08185,1.800
0.08359,2.333
0.08533,2.433
0.08707,2.300
0.08882,2.300
0.09056,2.000
0.09230,2.000
0.09404,2.000
0.09578,2.300
0.09752,2.100
0.09927,2.100
0.10101,1.800
0.10275,2.000
0.10449,2.400
0.10623,2.500
0.10797,2.700
0.10971,2.533
0.11146,1.833
0.11320,2.033
0.11494,2.433
0.11668,2.533
0.11842,2.767
0.12016,2.667
0.12190,2.767
0.12365,3.067
0.12539,3.167
0.12713,3.367
0.12887,3.233
0.13061,3.133
0.13235,2.767
0.13409,2.667
0.13584,2.500
0.13758,2.100
0.13932,2.367
0.14106,2.500
0.14280,2.300
0.14454,2.000
0.14629,1.700
0.14803,2.200
0.14977,2.100
0.15151,1.900
0.15325,2.167
0.15499,2.267
0.15673,2.667
0.15848,2.500
0.16022,2.067
0.16196,1.500
0.16370,1.933
0.16544,1.833
0.16718,1.867
0.16892,2.167
0.17067,2.167
0.17241,2.367
0.17415,2.267
0.17589,1.933
0.17763,1.800
0.17937,2.200
0.18112,2.167
0.18286,1.900
0.18460,2.300
0.18634,2.433
0.18808,2.500
0.18982,2.167
0.19156,2.500
0.19331,2.433
0.19505,2.433
0.19679,2.233
0.19853,2.533
0.20027,2.600
0.20201,2.967
0.20375,3.167
0.20550,2.900
0.20724,2.800
0.20898,2.767
0.21072,2.400
0.21246,2.300
0.21420,2.433
0.21595,2.433
0.21769,2.333
0.21943,2.033
0.22117,2.033
0.22291,1.733
0.22465,1.733
0.22639,1.767
0.22814,1.667
0.22988,1.633
0.23162,1.533
0.23336,1.733
0.23510,2.133
0.23684,2.533
0.23858,2.233
0.24033,1.833
0.24207,1.933
0.24381,2.433
0.24555,2.433
0.24729,2.133
0.24903,1.833
0.25077,2.233
0.25252,2.233
0.25426,2.500
0.25600,2.633
0.25774,2.333
0.25948,2.600
0.26122,2.367
0.26297,2.167
0.26471,2.000
0.26645,2.267
0.26819,2.167
0.26993,2.233
0.27167,1.933
0.27341,2.000
0.27516,1.800
0.27690,1.567
0.27864,2.433
0.28038,1.833
0.28212,1.433
0.28386,1.700
0.28560,1.833
0.28735,1.333
0.28909,1.233
0.29083,1.333
0.29257,1.500
0.29431,1.500
0.29605,1.567
0.29780,1.400
0.29954,1.533
0.30128,1.633
0.30302,1.733
0.30476,1.933
0.30650,1.867
0.30824,1.833
0.30999,2.400
0.31173,2.600
0.31347,2.200
0.31521,1.600
0.31695,1.733
0.31869,2.067
0.32043,2.867
0.32218,2.967
0.32392,2.767
0.32566,2.767
0.32740,2.667
0.32914,2.667
0.33088,2.767
0.33263,2.667
0.33437,2.100
0.33611,1.700
0.33785,1.900
0.33959,2.000
0.34133,2.033
0.34307,2.033
0.34482,2.300
0.34656,2.500
0.34830,2.600
0.35004,2.700
0.35178,2.200
0.35352,2.200
0.35526,1.933
0.35701,1.833
0.35875,1.533
0.36049,1.467
0.36223,1.267
0.36397,1.167
0.36571,1.567
0.36745,1.667
0.36920,1.500
0.37094,1.333
0.37268,1.267
0.37442,0.900
0.37616,1.200
0.37790,1.600
0.37965,2.100
0.38139,2.100
0.38313,1.833
0.38487,2.333
0.38661,2.967
0.38835,3.167
0.39009,2.600
0.39184,2.667
0.39358,2.600
0.39532,2.900
0.39706,2.767
0.39880,2.567
0.40054,2.333
0.40228,2.433
0.40403,2.133
0.40577,2.433
0.40751,2.133
0.40925,1.533
0.41099,1.200
0.41273,1.333
0.41448,1.567
0.41622,1.367
0.41796,1.467
0.41970,1.400
0.42144,1.733
0.42318,1.967
0.42492,2.600
0.42667,2.867
0.42841,3.133
0.43015,2.867
0.43189,2.600
0.43363,2.500
0.43537,2.367
0.43711,2.567
0.43886,2.467
0.44060,2.100
0.44234,1.933
0.44408,2.300
0.44582,2.533
0.44756,2.433
0.44931,2.700
0.45105,3.000
0.45279,2.467
0.45453,2.100
0.45627,1.933
0.45801,2.067
0.45975,1.767
0.46150,1.533
0.46324,1.433
0.46498,1.500
0.46672,2.000
0.46846,2.200
0.47020,2.433
0.47194,2.133
0.47369,2.167
0.47543,2.167
0.47717,2.167
0.47891,2.167
0.48065,1.800
0.48239,1.500
0.48414,1.400
0.48588,1.400
0.48762,1.933
0.48936,2.200
0.49110,2.200
0.49284,2.300
0.49458,2.133
0.49633,2.133
0.49807,2.400
0.49981,2.233
0.50155,1.867
0.50329,1.800
0.50503,2.300
0.50677,2.300
0.50852,2.067
0.51026,2.167
0.51200,2.133
0.51374,2.133
0.51548,2.300
0.51722,2.633
0.51896,2.733
0.52071,2.367
0.52245,2.167
0.52419,2.500
0.52593,2.600
0.52767,2.500
0.52941,1.800
0.53116,1.800
0.53290,1.700
0.53464,1.800
0.53638,1.900
0.53812,1.900
0.53986,2.000
0.54160,2.100
0.54335,1.833
0.54509,1.833
0.54683,1.700
0.54857,1.700
0.55031,1.600
0.55205,1.600
0.55379,1.800
0.55554,2.000
0.55728,2.267
0.55902,2.133
0.56076,1.900
0.56250,1.600
0.56424,1.733
0.56599,1.633
0.56773,1.800
0.56947,2.400
0.57121,2.700
0.57295,2.200
0.57469,1.733
0.57643,1.633
0.57818,1.900
0.57992,2.000
0.58166,1.800
0.58340,1.600
0.58514,1.800
0.58688,1.800
0.58862,2.100
0.59037,2.000
0.59211,1.833
0.59385,2.133
0.59559,1.933
0.59733,1.500
0.59907,1.433
0.60081,1.067
0.60256,1.367
0.60430,1.933
0.60604,2.200
0.60778,1.733
0.60952,1.400
0.61126,1.500
0.61301,1.333
0.61475,1.400
0.61649,1.800
0.61823,1.800
0.61997,1.700
0.62171,1.600
0.62345,1.800
0.62520,2.100
0.62694,2.700
0.62868,2.300
0.63042,2.300
0.63216,1.767
0.63390,1.900
0.63564,2.067
0.63739,2.400
0.63913,2.300
0.64087,2.333
0.64261,2.433
0.64435,2.767
0.64609,2.767
0.64784,3.067
0.64958,2.967
0.65132,3.133
0.65306,2.833
0.65480,2.800
0.65654,2.300
0.65828,2.467
0.66003,2.967
0.66177,2.400
0.66351,2.267
0.66525,2.767
0.66699,2.133
0.66873,2.633
0.67047,2.900
0.67222,2.800
0.67396,2.500
0.67570,2.267
0.67744,2.267
0.67918,2.433
0.68092,2.833
0.68267,2.767
0.68441,2.667
0.68615,2.633
0.68789,2.533
0.68963,2.333
0.69137,2.133
0.69311,2.233
0.69486,2.133
0.69660,2.567
0.69834,2.600
0.70008,2.667
0.70182,2.700
0.70356,2.667
0.70530,2.867
0.70705,2.933
0.70879,3.033
0.71053,3.467
0.71227,3.067
0.71401,2.767
0.71575,2.767
0.71750,2.900
0.71924,2.600
0.72098,2.900
0.72272,2.800
0.72446,2.967
0.72620,2.900
0.72794,2.833
0.72969,3.033
0.73143,3.133
0.73317,2.700
0.73491,2.433
0.73665,2.600
0.73839,3.367
0.74013,2.867
0.74188,2.800
0.74362,2.700
0.74536,2.800
0.74710,2.200
0.74884,2.133
0.75058,2.067
0.75232,2.800
0.75407,2.400
0.75581,2.100
0.75755,1.900
0.75929,1.733
0.76103,1.733
0.76277,2.067
0.76452,1.933
0.76626,1.867
0.76800,1.733
0.76974,1.633
0.77148,1.633
0.77322,2.067
0.77496,2.067
0.77671,2.400
0.77845,2.700
0.78019,2.867
0.78193,3.067
0.78367,2.833
0.78541,2.933
0.78715,2.500
0.78890,2.400
0.79064,2.800
0.79238,3.000
0.79412,3.700
0.79586,3.400
0.79760,2.800
0.79935,2.600
0.80109,2.533
0.80283,2.233
0.80457,2.367
0.80631,2.767
0.80805,2.700
0.80979,2.567
0.81154,2.167
0.81328,2.200
0.81502,2.133
0.81676,1.967
0.81850,1.733
0.82024,1.867
0.82198,1.900
0.82373,1.900
0.82547,1.800
0.82721,1.600
0.82895,1.533
0.83069,1.467
0.83243,1.933
0.83418,2.000
0.83592,2.900
0.83766,3.100
0.83940,2.733
0.84114,2.333
0.84288,1.667
0.84462,1.767
0.84637,1.900
0.84811,2.067
0.84985,2.067
0.85159,2.067
0.85333,2.033
0.85507,1.933
0.85681,1.800
0.85856,1.800
0.86030,2.267
0.86204,2.467
0.86378,1.667
0.86552,1.533
0.86726,1.867
0.86900,1.933
0.87075,1.567
0.87249,1.133
0.87423,0.900
0.87597,0.633
0.87771,1.233
0.87945,1.367
0.88120,1.233
0.88294,1.033
0.88468,1.300
0.88642,1.233
0.88816,1.800
0.88990,1.767
0.89164,2.300
0.89339,2.433
0.89513,2.433
0.89687,2.933
0.89861,2.633
0.90035,2.633
0.90209,2.267
0.90383,2.133
0.90558,1.933
0.90732,1.733
0.90906,1.367
0.91080,1.267
0.91254,1.367
0.91428,1.600
0.91603,2.033
0.91777,2.033
0.91951,1.800
0.92125,1.833
0.92299,1.967
0.92473,1.867
0.92647,1.967
0.92822,2.200
0.92996,2.167
0.93170,1.833
0.93344,1.800
0.93518,1.933
0.93692,2.233
0.93866,2.267
0.94041,2.100
0.94215,2.133
0.94389,2.467
0.94563,2.667
0.94737,2.533
0.94911,2.300
0.95086,2.433
0.95260,2.233
0.95434,2.033
0.95608,2.733
0.95782,3.800
0.95956,3.933
0.96130,4.000
0.96305,3.467
0.96479,2.900
0.96653,3.000
0.96827,3.133
0.97001,3.300
0.97175,3.233
0.97349,3.167
0.97524,3.033
0.97698,2.533
0.97872,2.633
0.98046,3.000
0.98220,3.433
0.98394,3.733
0.98568,3.433
0.98743,3.700
0.98917,4.767
0.99091,5.067
0.99265,5.067
0.99439,4.000
0.99613,3.667
0.99788,4.000
0.99962,3.967
1.00136,3.833
1.00310,3.467
1.00484,3.767
1.00658,4.300
1.00832,4.500
1.01007,4.167
1.01181,3.767
1.01355,3.167
1.01529,3.067
1.01703,3.433
1.01877,3.733
1.02051,3.933
1.02226,4.033
1.02400,3.933
1.02574,4.233
1.02748,4.167
1.02922,4.467
1.03096,3.567
1.03271,3.267
1.03445,3.333
1.03619,3.733
1.03793,4.033
1.03967,3.833
1.04141,3.400
1.04315,3.100
1.04490,2.767
1.04664,2.967
1.04838,3.267
1.05012,3.367
1.05186,3.267
1.05360,3.267
1.05534,3.167
1.05709,3.267
1.05883,3.533
1.06057,3.233
1.06231,3.333
1.06405,3.533
1.06579,3.433
1.06754,3.333
1.06928,3.300
1.07102,3.600
1.07276,3.800
1.07450,3.900
1.07624,3.700
1.07798,3.800
1.07973,3.633
1.08147,3.633
1.08321,3.600
1.08495,3.333
1.08669,4.267
1.08843,4.067
1.09017,3.700
1.09192,3.700
1.09366,4.000
1.09540,4.200
1.09714,3.567
1.09888,3.267
1.10062,3.100
1.10236,3.100
1.10411,2.967
1.10585,3.467
1.10759,4.267
1.10933,4.967
1.11107,4.833
1.11281,4.833
1.11456,4.733
1.11630,4.767
1.11804,4.933
1.11978,5.133
1.12152,4.733
1.12326,4.933
1.12500,4.433
1.12675,4.433
1.12849,3.700
1.13023,3.533
1.13197,2.733
1.13371,2.267
1.13545,1.933
1.13719,1.633
1.13894,2.367
1.14068,2.567
1.14242,2.733
1.14416,2.500
1.14590,2.233
1.14764,2.033
1.14939,2.000
1.15113,2.233
1.15287,2.200
1.15461,2.267
1.15635,2.067
1.15809,1.933
1.15983,1.967
1.16158,1.900
1.16332,1.633
1.16506,1.667
1.16680,2.067
1.16854,2.000
1.17028,2.833
1.17202,2.900
1.17377,3.300
1.17551,3.433
1.17725,3.033
1.17899,3.100
1.18073,3.733
1.18247,3.333
1.18422,2.800
1.18596,3.033
1.18770,2.933
1.18944,3.067
1.19118,2.867
1.19292,2.567
1.19466,2.500
1.19641,2.467
1.19815,2.533
1.19989,2.633
1.20163,2.833
1.20337,3.233
1.20511,3.233
1.20685,3.033
1.20860,2.567
1.21034,2.367
1.21208,2.033
1.21382,2.067
1.21556,2.367
1.21730,2.600
1.21904,3.100
1.22079,2.867
1.22253,2.867
1.22427,2.467
1.22601,2.267
1.22775,2.433
1.22949,2.400
1.23124,2.867
1.23298,2.733
1.23472,2.733
1.23646,2.267
1.23820,2.300
1.23994,2.700
1.24168,2.667
1.24343,2.733
1.24517,2.633
1.24691,2.267
1.24865,2.267
1.25039,2.167
1.25213,2.000
1.25387,1.767
1.25562,1.833
1.25736,1.900
1.25910,1.833
1.26084,1.533
1.26258,1.700
1.26432,1.733
1.26607,1.733
1.26781,1.633
1.26955,1.633
1.27129,2.133
1.27303,2.333
1.27477,1.633
1.27651,1.433
1.27826,2.167
1.28000,1.800
1.28174,1.367
1.28348,1.600
1.28522,1.633
1.28696,1.533
1.28870,1.533
1.29045,1.533
1.29219,1.333
1.29393,1.333
1.29567,1.600
1.29741,1.367
1.29915,1.367
1.30090,1.500
1.30264,1.567
1.30438,1.600
1.30612,1.533
1.30786,1.200
1.30960,1.600
1.31134,1.533
1.31309,1.333
1.31483,1.633
1.31657,1.667
1.31831,1.500
1.32005,1.500
1.32179,1.400
1.32353,1.467
1.32528,1.567
1.32702,2.000
1.32876,2.533
1.33050,3.300
1.33224,2.633
1.33398,2.533
1.33572,2.467
1.33747,2.633
1.33921,2.800
1.34095,2.700
1.34269,2.333
1.34443,1.933
1.34617,2.000
1.34792,1.833
1.34966,1.767
1.35140,1.867
1.35314,1.867
1.35488,2.100
1.35662,2.000
1.35836,2.167
1.36011,2.100
1.36185,2.500
1.36359,2.500
1.36533,2.567
1.36707,2.833
1.36881,3.367
1.37055,3.567
1.37230,3.233
1.37404,2.633
1.37578,2.533
1.37752,2.633
1.37926,2.933
1.38100,2.733
1.38275,3.067
1.38449,3.033
1.38623,2.800
1.38797,2.800
1.38971,3.333
1.39145,2.900
1.39319,3.033
1.39494,3.133
1.39668,3.267
1.39842,3.500
1.40016,3.500
1.40190,3.233
1.40364,2.933
1.40538,3.000
1.40713,3.167
1.40887,3.467
1.41061,3.833
1.41235,3.600
1.41409,3.333
1.41583,3.567
1.41758,3.167
1.41932,2.900
1.42106,3.733
1.42280,3.667
1.42454,3.567
1.42628,3.967
1.42802,3.967
1.42977,4.167
1.43151,4.200
1.43325,3.800
1.43499,3.567
1.43673,3.567
1.43847,3.867
1.44021,3.667
1.44196,4.267
1.44370,4.433
1.44544,4.733
1.44718,4.433
1.44892,3.967
1.45066,3.767
1.45240,3.867
1.45415,3.933
1.45589,3.433
1.45763,3.033
1.45937,2.967
1.46111,3.167
1.46285,3.333
1.46460,3.233
1.46634,3.300
1.46808,3.367
1.46982,3.633
1.47156,4.033
1.47330,4.200
1.47504,3.900
1.47679,4.267
1.47853,4.100
1.48027,4.100
1.48201,4.100
1.48375,3.800
1.48549,3.800
1.48723,3.800
1.48898,4.067
1.49072,4.133
1.49246,4.333
1.49420,4.600
1.49594,4.500
1.49768,4.500
1.49943,4.400
1.50117,4.467
1.50291,4.667
1.50465,4.667
1.50639,5.067
1.50813,5.400
1.50987,5.600
1.51162,5.533
1.51336,5.133
1.51510,4.567
1.51684,4.467
1.51858,4.867
1.52032,5.067
1.52206,5.633
1.52381,5.533
1.52555,4.933
1.52729,4.733
1.52903,4.767
1.53077,4.767
1.53251,5.433
1.53426,6.333
1.53600,7.200
1.53774,7.600
1.53948,7.700
1.54122,7.600
1.54296,7.533
1.54470,7.633
1.54645,8.167
1.54819,8.100
1.54993,7.533
1.55167,7.233
1.55341,6.900
1.55515,6.800
1.55689,6.467
1.55864,6.167
1.56038,6.533
1.56212,6.500
1.56386,6.333
1.56560,6.733
1.56734,6.833
1.56909,7.033
1.57083,7.233
1.57257,7.400
1.57431,7.633
1.57605,7.233
1.57779,6.933
1.57953,6.933
1.58128,6.533
1.58302,6.333
1.58476,6.067
1.58650,6.100
1.58824,6.200
1.58998,6.267
1.59172,6.267
1.59347,6.833
1.59521,7.167
1.59695,7.367
1.59869,7.433
1.60043,7.333
1.60217,6.833
1.60391,6.833
1.60566,6.600
1.60740,7.067
1.60914,6.900
1.61088,6.567
1.61262,6.233
1.61436,6.067
1.61611,7.067
1.61785,7.200
1.61959,7.133
1.62133,6.633
1.62307,6.600
1.62481,6.200
1.62655,5.767
1.62830,5.833
1.63004,5.033
1.63178,4.633
1.63352,4.667
1.63526,4.600
1.63700,4.567
1.63874,4.433
1.64049,4.833
1.64223,5.333
1.64397,5.933
1.64571,5.333
1.64745,4.567
1.64919,4.467
1.65094,4.833
1.65268,4.933
1.65442,4.367
1.65616,3.400
1.65790,3.033
1.65964,3.033
1.66138,3.133
1.66313,3.400
1.66487,3.767
1.66661,4.333
1.66835,4.467
1.67009,4.467
1.67183,4.667
1.67357,4.433
1.67532,4.233
1.67706,4.067
1.67880,3.667
1.68054,3.667
1.68228,3.600
1.68402,3.067
1.68577,3.233
1.68751,3.367
1.68925,3.733
1.69099,3.433
1.69273,2.533
1.69447,2.833
1.69621,3.333
1.69796,3.200
1.69970,3.000
1.70144,2.800
1.70318,2.867
1.70492,2.967
1.70666,2.467
1.70840,2.767
1.71015,3.067
1.71189,2.900
1.71363,2.233
1.71537,2.000
1.71711,2.200
1.71885,2.133
1.72059,1.833
1.72234,2.200
1.72408,2.767
1.72582,2.533
1.72756,2.467
1.72930,2.367
1.73104,2.367
1.73279,2.700
1.73453,2.367
1.73627,2.167
1.73801,2.233
1.73975,2.333
1.74149,2.600
1.74323,2.400
1.74498,1.733
1.74672,1.700
1.74846,2.133
1.75020,2.067
1.75194,2.233
1.75368,2.100
1.75542,2.467
1.75717,2.400
1.75891,2.533
1.76065,2.533
1.76239,2.767
1.76413,2.767
1.76587,3.000
1.76762,2.933
1.76936,2.633
1.77110,2.400
1.77284,2.467
1.77458,2.400
1.77632,2.400
1.77806,2.500
1.77981,2.200
1.78155,2.133
1.78329,2.833
1.78503,2.367
1.78677,2.500
1.78851,2.767
1.79025,3.100
1.79200,3.500
1.79374,3.433
1.79548,3.600
1.79722,3.267
1.79896,3.433
1.80070,3.200
1.80245,3.233
1.80419,2.733
1.80593,2.367
1.80767,2.033
1.80941,1.900
1.81115,2.767
1.81289,2.500
1.81464,2.633
1.81638,3.000
1.81812,3.067
1.81986,3.233
1.82160,3.333
1.82334,3.067
1.82508,2.367
1.82683,2.267
1.82857,2.433
1.83031,2.467
1.83205,2.367
1.83379,2.367
1.83553,2.533
1.83727,2.867
1.83902,3.800
1.84076,3.533
1.84250,3.133
1.84424,3.033
1.84598,3.367
1.84772,3.800
1.84947,4.400
1.85121,4.800
1.85295,5.200
1.85469,5.133
1.85643,5.267
1.85817,4.867
1.85991,4.067
1.86166,3.933
1.86340,3.900
1.86514,3.833
1.86688,4.033
1.86862,3.900
1.87036,4.200
1.87210,4.667
1.87385,4.500
1.87559,4.400
1.87733,4.067
1.87907,4.133
1.88081,5.167
1.88255,5.167
1.88430,5.433
1.88604,5.233
1.88778,5.167
1.88952,5.300
1.89126,5.567
1.89300,5.367
1.89474,4.933
1.89649,5.333
1.89823,5.467
1.89997,5.300
1.90171,5.333
1.90345,5.833
1.90519,7.067
1.90693,7.700
1.90868,9.100
1.91042,9.633
1.91216,9.267
1.91390,9.067
1.91564,8.667
1.91738,9.333
1.91913,8.933
1.92087,8.633
1.92261,7.500
1.92435,7.267
1.92609,7.833
1.92783,8.033
1.92957,8.167
1.93132,7.967
1.93306,8.633
1.93480,9.033
1.93654,9.667
1.93828,9.667
1.94002,9.667
1.94176,9.267
1.94351,8.833
1.94525,8.633
1.94699,8.233
1.94873,8.133
1.95047,9.567
1.95221,10.267
1.95395,11.167
1.95570,11.367
1.95744,11.033
1.95918,10.433
1.96092,9.033
1.96266,8.433
1.96440,8.333
1.96615,8.833
1.96789,9.867
1.96963,10.467
1.97137,10.367
1.97311,9.967
1.97485,9.767
1.97659,10.367
1.97834,13.367
1.98008,14.433
1.98182,15.600
1.98356,15.800
1.98530,14.433
1.98704,13.233
1.98878,11.533
1.99053,9.533
1.99227,9.033
1.99401,9.533
1.99575,10.367
1.99749,10.600
1.99923,10.267
2.00098,10.133
2.00272,10.467
2.00446,10.367
2.00620,11.500
2.00794,11.733
2.00968,12.567
2.01142,12.767
2.01317,12.733
2.01491,12.733
2.01665,12.633
2.01839,12.367
2.02013,12.567
2.02187,13.133
2.02361,13.433
2.02536,13.433
2.02710,12.933
2.02884,13.233
2.03058,13.233
2.03232,12.733
2.03406,11.700
2.03580,11.167
2.03755,10.900
2.03929,10.900
2.04103,10.367
2.04277,10.667
2.04451,11.433
2.04625,11.933
2.04800,13.433
2.04974,13.533
2.05148,13.333
2.05322,12.867
2.05496,12.333
2.05670,12.633
2.05844,12.767
2.06019,12.267
2.06193,12.367
2.06367,11.467
2.06541,11.233
2.06715,11.000
2.06889,10.133
2.07063,10.133
2.07238,10.133
2.07412,9.667
2.07586,8.667
2.07760,8.633
2.07934,9.033
2.08108,9.033
2.08283,8.833
2.08457,9.067
2.08631,8.733
2.08805,8.200
2.08979,7.600
2.09153,7.333
2.09327,7.833
2.09502,8.233
2.09676,8.067
2.09850,8.233
2.10024,8.800
2.10198,8.433
2.10372,8.333
2.10546,8.233
2.10721,8.700
2.10895,9.700
2.11069,10.300
2.11243,10.300
2.11417,10.000
2.11591,10.033
2.11766,9.233
2.11940,9.267
2.12114,9.433
2.12288,9.133
2.12462,8.600
2.12636,7.800
2.12810,7.333
2.12985,7.033
2.13159,6.733
2.13333,6.100
2.13507,5.800
2.13681,5.700
2.13855,5.700
2.14029,5.600
2.14204,5.700
2.14378,5.567
2.14552,5.800
2.14726,5.700
2.14900,6.000
2.15074,5.900
2.15249,5.500
2.15423,5.533
2.15597,5.333
2.15771,5.633
2.15945,5.867
2.16119,6.167
2.16293,5.767
2.16468,4.900
2.16642,4.200
2.16816,4.400
2.16990,4.700
2.17164,4.900
2.17338,4.733
2.17512,4.800
2.17687,4.433
2.17861,4.300
2.18035,3.800
2.18209,3.600
2.18383,3.233
2.18557,3.133
2.18731,3.133
2.18906,3.267
2.19080,3.367
2.19254,3.633
2.19428,3.600
2.19602,3.400
2.19776,3.133
2.19951,2.867
2.20125,2.833
2.20299,3.000
2.20473,2.933
2.20647,2.900
2.20821,2.967
2.20995,2.967
2.21170,3.100
2.21344,3.067
2.21518,3.000
2.21692,2.967
2.21866,3.100
2.22040,3.167
2.22214,2.967
2.22389,3.333
2.22563,3.667
2.22737,3.333
2.22911,2.833
2.23085,2.800
2.23259,2.867
2.23434,2.800
2.23608,3.000
2.23782,3.300
2.23956,3.900
2.24130,4.067
2.24304,3.700
2.24478,3.533
2.24653,3.600
2.24827,3.967
2.25001,4.433
2.25175,4.567
2.25349,4.533
2.25523,4.533
2.25697,4.500
2.25872,4.367
2.26046,4.433
2.26220,4.300
2.26394,4.567
2.26568,4.733
2.26742,4.800
2.26917,4.800
2.27091,4.900
2.27265,5.067
2.27439,5.867
2.27613,5.900
2.27787,4.933
2.27961,4.767
2.28136,5.033
2.28310,4.467
2.28484,5.000
2.28658,4.933
2.28832,5.033
2.29006,5.367
2.29180,5.800
2.29355,5.900
2.29529,6.533
2.29703,6.933
2.29877,7.300
2.30051,6.900
2.30225,6.600
2.30399,6.300
2.30574,5.733
2.30748,6.067
2.30922,7.100
2.31096,7.267
2.31270,7.567
2.31444,8.067
2.31619,8.700
2.31793,8.700
2.31967,8.900
2.32141,9.267
2.32315,9.300
2.32489,9.100
2.32663,9.733
2.32838,10.300
2.33012,11.500
2.33186,12.033
2.33360,10.433
2.33534,10.833
2.33708,11.267
2.33882,11.267
2.34057,12.000
2.34231,11.467
2.34405,12.067
2.34579,12.967
2.34753,13.233
2.34927,14.033
2.35102,14.467
2.35276,14.633
2.35450,14.667
2.35624,14.800
2.35798,14.267
2.35972,14.700
2.36146,15.367
2.36321,16.800
2.36495,17.933
2.36669,18.067
2.36843,17.467
2.37017,16.900
2.37191,16.667
2.37365,17.000
2.37540,16.967
2.37714,16.967
2.37888,16.333
2.38062,16.100
2.38236,15.600
2.38410,15.067
2.38585,14.300
2.38759,14.333
2.38933,14.567
2.39107,15.033
2.39281,15.900
2.39455,17.300
2.39629,18.867
2.39804,19.433
2.39978,19.700
2.40152,19.900
2.40326,19.933
2.40500,20.533
2.40674,20.600
2.40848,20.700
2.41023,19.400
2.41197,19.000
2.41371,18.900
2.41545,19.233
2.41719,20.500
2.41893,21.167
2.42068,22.667
2.42242,23.967
2.42416,25.333
2.42590,25.933
2.42764,25.567
2.42938,24.167
2.43112,22.100
2.43287,21.500
2.43461,21.600
2.43635,22.200
2.43809,22.033
2.43983,22.833
2.44157,23.833
2.44331,23.633
2.44506,22.633
2.44680,22.633
2.44854,23.333
2.45028,23.133
2.45202,24.067
2.45376,24.900
2.45550,26.133
2.45725,26.967
2.45899,27.167
2.46073,27.567
2.46247,28.233
2.46421,29.433
2.46595,30.300
2.46770,30.667
2.46944,30.033
2.47118,28.400
2.47292,26.167
2.47466,24.567
2.47640,24.800
2.47814,25.667
2.47989,26.933
2.48163,27.200
2.48337,27.767
2.48511,28.300
2.48685,28.300
2.48859,28.067
2.49033,28.300
2.49208,28.800
2.49382,30.600
2.49556,32.067
2.49730,33.167
2.49904,33.067
2.50078,31.100
2.50253,27.800
2.50427,24.800
2.50601,23.933
2.50775,25.233
2.50949,24.700
2.51123,24.200
2.51297,22.733
2.51472,21.533
2.51646,21.833
2.51820,22.433
2.51994,22.900
2.52168,23.800
2.52342,23.600
2.52516,23.800
2.52691,23.667
2.52865,23.633
2.53039,23.033
2.53213,22.433
2.53387,21.700
2.53561,20.800
2.53735,20.633
2.53910,21.067
2.54084,20.767
2.54258,20.400
2.54432,20.067
2.54606,20.333
2.54780,20.067
2.54955,20.633
2.55129,20.833
2.55303,21.933
2.55477,22.667
2.55651,22.000
2.55825,21.667
2.55999,21.600
2.56174,21.200
2.56348,21.700
2.56522,20.567
2.56696,19.700
2.56870,18.933
2.57044,17.700
2.57218,17.667
2.57393,18.367
2.57567,18.400
2.57741,19.133
2.57915,18.900
2.58089,19.067
2.58263,18.567
2.58438,17.767
2.58612,16.900
2.58786,16.100
2.58960,15.833
2.59134,16.333
2.59308,16.133
2.59482,17.233
2.59657,17.900
2.59831,17.967
2.60005,18.433
2.60179,18.767
2.60353,17.433
2.60527,15.933
2.60701,12.933
2.60876,10.933
2.61050,10.933
2.61224,10.967
2.61398,10.333
2.61572,9.967
2.61746,10.067
2.61921,10.900
2.62095,10.300
2.62269,9.633
2.62443,9.600
2.62617,10.167
2.62791,11.067
2.62965,12.033
2.63140,12.533
2.63314,12.767
2.63488,11.667
2.63662,9.800
2.63836,8.400
2.64010,7.233
2.64184,7.167
2.64359,7.300
2.64533,7.133
2.64707,6.933
2.64881,6.500
2.65055,6.667
2.65229,6.667
2.65404,6.800
2.65578,6.933
2.65752,7.200
2.65926,7.300
2.66100,7.167
2.66274,7.133
2.66448,6.933
2.66623,6.500
2.66797,5.767
2.66971,5.333
2.67145,5.067
2.67319,5.000
2.67493,5.467
2.67667,5.567
2.67842,5.500
2.68016,5.367
2.68190,5.400
2.68364,5.367
2.68538,5.300
2.68712,5.233
2.68886,5.167
2.69061,5.200
2.69235,5.300
2.69409,5.433
2.69583,5.433
2.69757,5.633
2.69931,5.667
2.70106,5.633
2.70280,5.867
2.70454,5.667
2.70628,5.433
2.70802,5.333
2.70976,5.400
2.71150,5.367
2.71325,5.533
2.71499,5.567
2.71673,5.833
2.71847,5.967
2.72021,6.000
2.72195,6.433
2.72369,6.900
2.72544,7.367
2.72718,7.867
2.72892,8.267
2.73066,9.133
2.73240,8.833
2.73414,8.433
2.73589,8.500
2.73763,8.667
2.73937,9.433
2.74111,9.467
2.74285,9.867
2.74459,9.700
2.74633,10.333
2.74808,10.767
2.74982,11.433
2.75156,12.167
2.75330,13.000
2.75504,13.833
2.75678,14.633
2.75852,15.133
2.76027,16.133
2.76201,17.633
2.76375,18.367
2.76549,17.967
2.76723,19.133
2.76897,19.467
2.77071,19.100
2.77246,18.667
2.77420,20.367
2.77594,24.700
2.77768,27.800
2.77942,28.967
2.78116,29.733
2.78291,29.367
2.78465,27.567
2.78639,25.133
2.78813,23.400
2.78987,23.867
2.79161,24.700
2.79335,25.167
2.79510,26.100
2.79684,27.867
2.79858,27.767
2.80032,28.167
2.80206,28.833
2.80380,29.267
2.80554,29.100
2.80729,29.267
2.80903,31.133
2.81077,33.500
2.81251,35.533
2.81425,37.000
2.81599,37.133
2.81774,36.600
2.81948,35.267
2.82122,32.600
2.82296,30.733
2.82470,29.533
2.82644,29.000
2.82818,29.767
2.82993,30.067
2.83167,30.000
2.83341,29.700
2.83515,29.500
2.83689,29.633
2.83863,30.433
2.84037,32.100
2.84212,34.933
2.84386,36.267
2.84560,35.333
2.84734,32.100
2.84908,30.733
2.85082,30.933
2.85257,32.267
2.85431,33.467
2.85605,34.267
2.85779,34.367
2.85953,34.567
2.86127,35.567
2.86301,37.400
2.86476,39.067
2.86650,39.867
2.86824,40.467
2.86998,41.100
2.87172,40.867
2.87346,42.067
2.87520,47.100
2.87695,53.633
2.87869,58.133
2.88043,58.733
2.88217,57.933
2.88391,55.767
2.88565,51.967
2.88740,48.500
2.88914,48.200
2.89088,49.133
2.89262,48.733
2.89436,47.200
2.89610,45.800
2.89784,45.300
2.89959,44.867
2.90133,45.667
2.90307,47.867
2.90481,52.600
2.90655,57.400
2.90829,62.033
2.91003,64.533
2.91178,62.067
2.91352,54.100
2.91526,43.833
2.91700,37.300
2.91874,35.967
2.92048,36.200
2.92222,36.933
2.92397,37.567
2.92571,38.300
2.92745,40.767
2.92919,46.667
2.93093,52.200
2.93267,55.833
2.93442,52.733
2.93616,46.167
2.93790,46.533
2.93964,51.733
2.94138,54.500
2.94312,53.533
2.94486,49.667
2.94661,45.533
2.94835,41.967
2.95009,40.900
2.95183,40.967
2.95357,41.933
2.95531,44.700
2.95705,47.400
2.95880,47.300
2.96054,45.167
2.96228,42.600
2.96402,42.633
2.96576,42.500
2.96750,43.200
2.96925,43.033
2.97099,43.967
2.97273,45.300
2.97447,48.333
2.97621,51.633
2.97795,54.067
2.97969,54.767
2.98144,54.700
2.98318,53.233
2.98492,50.667
2.98666,45.500
2.98840,40.567
2.99014,38.467
2.99188,38.500
2.99363,38.600
2.99537,39.967
2.99711,45.533
2.99885,54.600
3.00059,59.700
3.00233,62.267
3.00408,70.933
3.00582,74.133
3.00756,64.133
3.00930,44.300
3.01104,36.433
3.01278,36.700
3.01452,40.133
3.01627,41.700
3.01801,42.300
3.01975,40.700
3.02149,39.467
3.02323,39.033
3.02497,37.400
3.02671,36.900
3.02846,35.900
3.03020,35.067
3.03194,37.267
3.03368,41.433
3.03542,42.300
3.03716,38.600
3.03890,36.200
3.04065,35.567
3.04239,36.000
3.04413,36.100
3.04587,36.633
3.04761,36.633
3.04935,35.633
3.05110,35.067
3.05284,35.000
3.05458,35.100
3.05632,35.800
3.05806,36.400
3.05980,37.667
3.06154,37.600
3.06329,35.467
3.06503,32.700
3.06677,31.533
3.06851,31.633
3.07025,32.967
3.07199,35.067
3.07373,37.433
3.07548,40.267
3.07722,41.233
3.07896,41.967
3.08070,38.867
3.08244,35.967
3.08418,33.400
3.08593,33.133
3.08767,32.300
3.08941,30.767
3.09115,28.400
3.09289,26.267
3.09463,24.233
3.09637,22.133
3.09812,21.033
3.09986,21.000
3.10160,21.500
3.10334,21.833
3.10508,20.933
3.10682,20.800
3.10856,19.400
3.11031,18.733
3.11205,17.800
3.11379,16.667
3.11553,16.500
3.11727,16.733
3.11901,16.433
3.12076,15.800
3.12250,15.100
3.12424,14.267
3.12598,13.900
3.12772,13.767
3.12946,13.833
3.13120,13.967
3.13295,14.200
3.13469,14.567
3.13643,14.667
3.13817,14.867
3.13991,14.967
3.14165,15.033
3.14339,15.267
3.14514,15.700
3.14688,15.933
3.14862,17.300
3.15036,18.100
3.15210,19.467
3.15384,21.567
3.15559,23.500
3.15733,25.500
3.15907,27.000
3.16081,27.800
3.16255,27.900
3.16429,28.433
3.16603,28.667
3.16778,29.267
3.16952,30.400
3.17126,33.233
3.17300,35.733
3.17474,36.400
3.17648,37.033
3.17822,37.767
3.17997,40.300
3.18171,40.467
3.18345,40.167
3.18519,39.900
3.18693,41.900
3.18867,43.833
3.19041,46.367
3.19216,46.767
3.19390,47.500
3.19564,48.867
3.19738,51.667
3.19912,53.200
3.20086,53.333
3.20261,53.233
3.20435,53.800
3.20609,53.000
3.20783,52.133
3.20957,53.367
3.21131,54.533
3.21305,54.400
3.21480,53.967
3.21654,55.267
3.21828,57.433
3.22002,58.900
3.22176,60.233
3.22350,61.400
3.22524,65.167
3.22699,67.267
3.22873,68.633
3.23047,67.867
3.23221,65.833
3.23395,63.667
3.23569,62.000
3.23744,61.700
3.23918,62.067
3.24092,63.133
3.24266,65.933
3.24440,70.167
3.24614,77.167
3.24788,80.433
3.24963,81.733
3.25137,84.233
3.25311,89.933
3.25485,100.667
3.25659,110.367
3.25833,110.100
3.26007,102.467
3.26182,95.833
3.26356,92.933
3.26530,95.700
3.26704,100.800
3.26878,107.300
3.27052,111.600
3.27226,112.800
3.27401,111.100
3.27575,107.000
3.27749,102.000
3.27923,95.433
3.28097,90.567
3.28271,90.600
3.28446,97.633
3.28620,109.600
3.28794,120.800
3.28968,127.533
3.29142,131.633
3.29316,131.567
3.29490,128.567
3.29665,124.633
3.29839,119.400
3.30013,114.567
3.30187,112.000
3.30361,111.367
3.30535,112.600
3.30709,115.867
3.30884,121.433
3.31058,127.067
3.31232,130.967
3.31406,133.933
3.31580,136.667
3.31754,142.667
3.31929,151.667
3.32103,160.267
3.32277,167.567
3.32451,171.700
3.32625,174.533
3.32799,176.067
3.32973,177.833
3.33148,179.433
3.33322,181.667
3.33496,184.667
3.33670,188.333
3.33844,190.500
3.34018,191.800
3.34192,192.900
3.34367,193.767
3.34541,193.033
3.34715,189.433
3.34889,184.667
3.35063,178.667
3.35237,171.100
3.35412,167.567
3.35586,168.033
3.35760,173.400
3.35934,180.267
3.36108,188.267
3.36282,194.200
3.36456,199.133
3.36631,202.267
3.36805,205.367
3.36979,208.400
3.37153,213.367
3.37327,217.733
3.37501,222.433
3.37675,227.200
3.37850,232.367
3.38024,236.433
3.38198,239.467
3.38372,240.500
3.38546,241.267
3.38720,241.600
3.38895,242.967
3.39069,243.467
3.39243,242.867
3.39417,242.900
3.39591,242.933
3.39765,241.967
3.39939,241.567
3.40114,240.467
3.40288,239.200
3.40462,238.333
3.40636,236.833
3.40810,236.567
3.40984,237.467
3.41158,238.100
3.41333,239.433
3.41507,240.500
3.41681,241.833
3.41855,242.733
3.42029,243.900
3.42203,244.200
3.42377,244.967
3.42552,244.833
3.42726,243.967
3.42900,243.067
3.43074,242.233
3.43248,241.333
3.43422,241.467
3.43597,241.567
3.43771,242.000
3.43945,242.500
3.44119,243.633
3.44293,244.233
3.44467,245.300
3.44641,246.167
3.44816,246.967
3.44990,247.433
3.45164,247.633
3.45338,247.567
3.45512,248.167
3.45686,248.133
3.45860,247.867
3.46035,247.967
3.46209,248.167
3.46383,248.000
3.46557,248.067
3.46731,247.867
3.46905,248.600
3.47080,249.300
3.47254,250.167
3.47428,250.433
3.47602,251.133
3.47776,251.133
3.47950,251.267
3.48124,251.433
3.48299,251.233
3.48473,251.233
3.48647,252.433
3.48821,252.500
3.48995,253.067
3.49169,253.067
3.49343,253.133
3.49518,253.000
3.49692,253.200
3.49866,253.200
3.50040,253.200
3.50214,253.267
3.50388,253.533
3.50563,253.533
3.50737,253.167
3.50911,253.167
3.51085,253.733
3.51259,253.733
3.51433,253.800
3.51607,253.800
3.51782,253.800
3.51956,253.800
3.52130,253.867
3.52304,253.867
3.52478,253.933
3.52652,254.000
3.52826,254.000
3.53001,254.000
3.53175,254.000
3.53349,253.933
3.53523,254.000
3.53697,254.000
3.53871,254.000
3.54045,254.000
3.54220,254.133
3.54394,254.133
3.54568,254.000
3.54742,254.000
3.54916,254.133
3.55090,254.067
3.55265,254.133
3.55439,254.067
3.55613,254.267
3.55787,254.267
3.55961,254.133
3.56135,254.133
3.56309,253.933
3.56484,253.933
3.56658,254.533
3.56832,254.533
3.57006,254.533
3.57180,254.533
3.57354,254.400
3.57528,254.400
3.57703,253.867
3.57877,253.867
3.58051,254.133
3.58225,254.133
3.58399,254.533
3.58573,254.533
3.58748,254.667
3.58922,254.667
3.59096,254.667
3.59270,254.667
3.59444,254.533
3.59618,254.467
3.59792,254.600
3.59967,254.700
3.60141,254.667
3.60315,254.667
3.60489,254.733
3.60663,254.667
3.60837,254.867
3.61011,254.867
3.61186,254.867
3.61360,254.867
3.61534,255.000
3.61708,255.000
3.61882,254.667
3.62056,254.667
3.62231,254.867
3.62405,254.867
3.62579,255.000
3.62753,255.000
3.62927,254.867
3.63101,254.867
3.63275,254.867
3.63450,254.867
3.63624,255.000
3.63798,255.000
3.63972,255.000
3.64146,255.000
3.64320,254.933
3.64494,254.933
3.64669,254.800
3.64843,254.800
3.65017,255.000
3.65191,254.867
3.65365,255.000
3.65539,255.000
3.65714,255.000
3.65888,255.000
3.66062,255.000
3.66236,255.000
3.66410,255.000
3.66584,255.000
3.66758,254.900
3.66933,254.900
3.67107,254.900
3.67281,254.900
3.67455,254.700
3.67629,254.733
3.67803,254.800
3.67977,254.767
3.68152,254.733
3.68326,254.600
3.68500,254.467
3.68674,254.467
3.68848,254.867
3.69022,254.867
3.69196,254.833
3.69371,254.833
3.69545,254.833
3.69719,254.867
3.69893,254.800
3.70067,254.800
3.70241,254.400
3.70416,254.300
3.70590,254.933
3.70764,254.933
3.70938,254.967
3.71112,254.967
3.71286,254.767
3.71460,254.767
3.71635,254.767
3.71809,254.767
3.71983,254.767
3.72157,254.767
3.72331,254.700
3.72505,254.700
3.72679,254.733
3.72854,254.633
3.73028,254.367
3.73202,254.367
3.73376,254.967
3.73550,254.967
3.73724,254.300
3.73899,254.300
3.74073,253.933
3.74247,253.933
3.74421,254.233
3.74595,254.333
3.74769,254.967
3.74943,254.967
3.75118,254.967
3.75292,254.967
3.75466,254.767
3.75640,254.700
3.75814,254.367
3.75988,254.300
3.76162,254.167
3.76337,254.167
3.76511,254.833
3.76685,254.833
3.76859,254.767
3.77033,254.767
3.77207,254.767
3.77381,254.767
3.77556,254.667
3.77730,254.667
3.77904,254.333
3.78078,254.333
3.78252,254.600
3.78426,254.533
3.78601,254.533
3.78775,254.533
3.78949,254.667
3.79123,254.667
3.79297,254.667
3.79471,254.667
3.79645,254.667
3.79820,254.667
3.79994,254.667
3.80168,254.667
3.80342,254.667
3.80516,254.667
3.80690,254.467
3.80864,254.467
3.81039,254.200
3.81213,254.200
3.81387,254.067
3.81561,254.067
3.81735,254.400
3.81909,254.400
3.82084,254.533
3.82258,254.533
3.82432,254.267
3.82606,254.267
3.82780,254.000
3.82954,254.000
3.83128,253.933
3.83303,253.933
3.83477,253.667
3.83651,253.600
3.83825,253.300
3.83999,253.233
3.84173,252.767
3.84347,252.833
3.84522,253.533
3.84696,253.533
3.84870,253.667
3.85044,253.667
3.85218,253.667
3.85392,253.667
3.85566,253.667
3.85741,253.667
3.85915,253.667
3.86089,253.667
3.86263,253.533
3.86437,253.533
3.86611,253.667
3.86786,253.667
3.86960,253.667
3.87134,253.667
3.87308,253.833
3.87482,253.833
3.87656,253.667
3.87830,253.667
3.88005,253.500
3.88179,253.500
3.88353,253.067
3.88527,253.067
3.88701,252.967
3.88875,252.967
3.89049,253.000
3.89224,253.000
3.89398,253.233
3.89572,253.233
3.89746,253.233
3.89920,253.233
3.90094,253.633
3.90269,253.667
3.90443,253.000
3.90617,253.000
3.90791,253.000
3.90965,252.933
3.91139,252.467
3.91313,252.467
3.91488,252.100
3.91662,252.100
3.91836,252.000
3.92010,252.000
3.92184,252.000
3.92358,251.867
3.92532,252.067
3.92707,252.033
3.92881,251.667
3.93055,251.433
3.93229,251.133
3.93403,251.233
3.93577,251.300
3.93752,251.367
3.93926,251.167
3.94100,251.100
3.94274,251.100
3.94448,251.000
3.94622,250.900
3.94796,250.900
3.94971,250.900
3.95145,250.833
3.95319,250.767
3.95493,250.567
3.95667,249.900
3.95841,249.333
3.96015,247.967
3.96190,246.667
3.96364,245.967
3.96538,244.833
3.96712,243.800
3.96886,243.267
3.97060,241.800
3.97235,240.133
3.97409,238.933
3.97583,237.400
3.97757,235.600
3.97931,233.500
3.98105,231.633
3.98279,229.700
3.98454,227.833
3.98628,224.667
3.98802,222.567
3.98976,220.300
3.99150,216.767
3.99324,212.733
3.99498,206.633
3.99673,199.800
3.99847,191.300
4.00021,182.833
4.00195,173.633
4.00369,167.433
4.00543,164.900
4.00717,164.967
4.00892,165.300
4.01066,164.133
4.01240,163.400
4.01414,161.000
4.01588,159.167
4.01762,157.833
4.01937,156.433
4.02111,156.367
4.02285,156.633
4.02459,155.500
4.02633,156.400
4.02807,159.733
4.02981,165.433
4.03156,170.033
4.03330,172.933
4.03504,174.133
4.03678,174.000
4.03852,172.133
4.04026,168.367
4.04200,161.700
4.04375,152.967
4.04549,145.467
4.04723,138.933
4.04897,133.933
4.05071,130.933
4.05245,129.933
4.05420,131.967
4.05594,133.633
4.05768,135.600
4.05942,136.867
4.06116,136.200
4.06290,130.167
4.06464,119.133
4.06639,111.500
4.06813,110.833
4.06987,113.900
4.07161,118.200
4.07335,122.800
4.07509,124.400
4.07683,123.267
4.07858,119.033
4.08032,113.967
4.08206,108.900
4.08380,104.867
4.08554,104.900
4.08728,107.833
4.08903,111.967
4.09077,113.267
4.09251,106.200
4.09425,94.000
4.09599,82.233
4.09773,76.200
4.09947,75.733
4.10122,74.267
4.10296,71.833
4.10470,79.267
4.10644,92.267
4.10818,99.767
4.10992,97.633
4.11166,86.767
4.11341,75.667
4.11515,72.667
4.11689,72.367
4.11863,74.133
4.12037,76.867
4.12211,76.400
4.12386,71.067
4.12560,66.000
4.12734,63.433
4.12908,63.033
4.13082,64.567
4.13256,70.467
4.13430,76.900
4.13605,76.767
4.13779,68.733
4.13953,60.000
4.14127,55.800
4.14301,54.800
4.14475,55.567
4.14649,56.900
4.14824,58.000
4.14998,58.567
4.15172,59.667
4.15346,58.667
4.15520,56.833
4.15694,56.233
4.15868,57.467
4.16043,54.167
4.16217,50.333
4.16391,48.933
4.16565,51.767
4.16739,56.100
4.16913,59.767
4.17088,56.700
4.17262,49.867
4.17436,41.400
4.17610,37.433
4.17784,38.267
4.17958,42.467
4.18132,45.100
4.18307,45.167
4.18481,45.967
4.18655,47.467
4.18829,47.167
4.19003,43.033
4.19177,38.000
4.19351,31.833
4.19526,28.667
4.19700,27.133
4.19874,27.267
4.20048,26.933
4.20222,25.267
4.20396,23.767
4.20571,22.333
4.20745,21.133
4.20919,20.000
4.21093,19.067
4.21267,18.200
4.21441,16.467
4.21615,15.433
4.21790,15.033
4.21964,14.467
4.22138,14.033
4.22312,13.933
4.22486,13.800
4.22660,13.833
4.22834,13.667
4.23009,13.367
4.23183,13.367
4.23357,13.533
4.23531,13.733
4.23705,13.900
4.23879,13.867
4.24053,13.900
4.24228,14.033
4.24402,14.100
4.24576,14.500
4.24750,14.600
4.24924,15.233
4.25098,15.467
4.25273,15.767
4.25447,16.633
4.25621,17.267
4.25795,18.400
4.25969,19.467
4.26143,19.833
4.26317,20.200
4.26492,21.000
4.26666,22.233
4.26840,23.033
4.27014,22.567
4.27188,22.367
4.27362,23.567
4.27536,25.067
4.27711,26.567
4.27885,27.200
4.28059,26.400
4.28233,24.667
4.28407,23.600
4.28581,23.567
4.28756,25.467
4.28930,28.533
4.29104,33.433
4.29278,39.100
4.29452,44.233
4.29626,43.067
4.29800,38.933
4.29975,33.933
4.30149,30.900
4.30323,30.100
4.30497,30.800
4.30671,31.500
4.30845,32.467
4.31019,33.500
4.31194,34.867
4.31368,36.233
4.31542,37.333
4.31716,38.567
4.31890,40.900
4.32064,42.400
4.32239,42.867
4.32413,43.900
4.32587,44.900
4.32761,43.600
4.32935,44.400
4.33109,50.500
4.33283,62.200
4.33458,67.733
4.33632,67.967
4.33806,66.967
4.33980,66.600
4.34154,60.467
4.34328,51.467
4.34502,54.167
4.34677,64.467
4.34851,67.933
4.35025,61.533
4.35199,47.367
4.35373,39.033
4.35547,36.233
4.35721,36.967
4.35896,39.967
4.36070,44.800
4.36244,50.533
4.36418,57.867
4.36592,63.167
4.36766,67.100
4.36941,65.167
4.37115,65.333
4.37289,75.533
4.37463,90.733
4.37637,91.000
4.37811,74.500
4.37985,54.567
4.38160,43.533
4.38334,42.333
4.38508,44.567
4.38682,52.833
4.38856,62.633
4.39030,66.100
4.39205,65.300
4.39379,62.833
4.39553,64.100
4.39727,64.000
4.39901,64.733
4.40075,68.600
4.40249,75.167
4.40424,78.133
4.40598,75.833
4.40772,68.500
4.40946,61.567
4.41120,54.267
4.41294,50.067
4.41468,51.000
4.41643,55.000
4.41817,58.867
4.41991,59.667
4.42165,59.633
4.42339,58.000
4.42513,55.000
4.42687,53.000
4.42862,51.267
4.43036,56.467
4.43210,77.500
4.43384,103.367
4.43558,111.467
4.43732,97.800
4.43906,77.400
4.44081,63.833
4.44255,57.033
4.44429,56.233
4.44603,58.667
4.44777,62.700
4.44951,66.033
4.45126,68.133
4.45300,67.333
4.45474,64.667
4.45648,62.533
4.45822,61.167
4.45996,60.500
4.46170,60.700
4.46345,61.867
4.46519,61.833
4.46693,61.633
4.46867,59.833
4.47041,56.933
4.47215,53.567
4.47390,51.833
4.47564,52.533
4.47738,55.067
4.47912,58.033
4.48086,57.867
4.48260,54.333
4.48434,51.067
4.48609,49.767
4.48783,48.500
4.48957,48.133
4.49131,48.533
4.49305,48.400
4.49479,48.167
4.49653,50.300
4.49828,50.867
4.50002,51.267
4.50176,47.700
4.50350,40.833
4.50524,35.100
4.50698,32.267
4.50872,30.400
4.51047,29.500
4.51221,30.100
4.51395,32.233
4.51569,35.767
4.51743,39.633
4.51917,40.767
4.52092,42.100
4.52266,41.000
4.52440,37.200
4.52614,33.133
4.52788,29.033
4.52962,27.533
4.53136,26.533
4.53311,27.067
4.53485,27.867
4.53659,29.667
4.53833,31.133
4.54007,30.633
4.54181,28.933
4.54355,25.367
4.54530,24.333
4.54704,25.967
4.54878,32.200
4.55052,38.667
4.55226,40.100
4.55400,37.067
4.55575,31.367
4.55749,26.467
4.55923,23.733
4.56097,22.133
4.56271,21.333
4.56445,21.733
4.56619,21.933
4.56794,23.233
4.56968,24.867
4.57142,24.300
4.57316,23.267
4.57490,22.133
4.57664,21.933
4.57838,22.100
4.58013,23.033
4.58187,22.967
4.58361,23.967
4.58535,23.300
4.58709,22.133
4.58883,20.400
4.59058,19.167
4.59232,17.933
4.59406,18.000
4.59580,18.133
4.59754,18.867
4.59928,19.300
4.60102,19.267
4.60277,18.467
4.60451,17.333
4.60625,16.133
4.60799,15.367
4.60973,14.300
4.61147,13.667
4.61321,12.800
4.61496,12.900
4.61670,12.767
4.61844,12.233
4.62018,11.967
4.62192,12.100
4.62366,11.300
4.62540,10.300
4.62715,9.767
4.62889,9.333
4.63063,8.833
4.63237,8.400
4.63411,8.700
4.63585,8.800
4.63760,8.500
4.63934,7.667
4.64108,7.233
4.64282,7.600
4.64456,8.133
4.64630,8.133
4.64804,8.133
4.64979,7.533
4.65153,6.733
4.65327,5.833
4.65501,5.733
4.65675,5.700
4.65849,5.767
4.66023,5.867
4.66198,5.967
4.66372,5.933
4.66546,5.900
4.66720,6.200
4.66894,6.067
4.67068,5.967
4.67243,6.000
4.67417,6.133
4.67591,6.267
4.67765,6.267
4.67939,6.200
4.68113,6.400
4.68287,6.367
4.68462,6.433
4.68636,6.767
4.68810,7.567
4.68984,8.233
4.69158,8.833
4.69332,8.967
4.69506,8.833
4.69681,9.133
4.69855,9.700
4.70029,9.900
4.70203,9.800
4.70377,9.800
4.70551,9.800
4.70725,10.100
4.70900,10.800
4.71074,11.133
4.71248,11.733
4.71422,12.833
4.71596,12.700
4.71770,12.233
4.71945,11.700
4.72119,11.767
4.72293,13.033
4.72467,13.333
4.72641,13.100
4.72815,12.600
4.72989,11.833
4.73164,11.933
4.73338,12.467
4.73512,12.933
4.73686,13.133
4.73860,12.900
4.74034,13.433
4.74208,13.933
4.74383,13.567
4.74557,14.867
4.74731,16.267
4.74905,16.433
4.75079,16.867
4.75253,17.300
4.75428,18.767
4.75602,20.033
4.75776,19.567
4.75950,19.167
4.76124,18.567
4.76298,17.767
4.76472,16.767
4.76647,16.900
4.76821,17.833
4.76995,19.133
4.77169,19.133
4.77343,20.667
4.77517,22.000
4.77691,22.800
4.77866,24.433
4.78040,26.100
4.78214,27.933
4.78388,28.600
4.78562,27.533
4.78736,26.133
4.78911,23.433
4.79085,20.600
4.79259,18.600
4.79433,18.033
4.79607,20.833
4.79781,22.467
4.79955,23.400
4.80130,27.267
4.80304,32.400
4.80478,38.500
4.80652,42.833
4.80826,41.200
4.81000,36.533
4.81174,31.200
4.81349,28.267
4.81523,26.900
4.81697,25.467
4.81871,25.167
4.82045,24.567
4.82219,22.833
4.82394,22.900
4.82568,22.500
4.82742,22.733
4.82916,24.533
4.83090,28.567
4.83264,35.733
4.83438,43.967
4.83613,45.233
4.83787,42.033
4.83961,36.167
4.84135,32.933
4.84309,31.600
4.84483,29.767
4.84657,28.200
4.84832,25.900
4.85006,24.467
4.85180,24.033
4.85354,23.567
4.85528,22.600
4.85702,23.867
4.85877,26.567
4.86051,28.467
4.86225,29.200
4.86399,29.800
4.86573,31.033
4.86747,30.800
4.86921,29.067
4.87096,26.267
4.87270,24.267
4.87444,23.333
4.87618,25.333
4.87792,28.267
4.87966,31.233
4.88140,31.433
4.88315,27.933
4.88489,23.667
4.88663,20.300
4.88837,18.533
4.89011,18.633
4.89185,20.267
4.89359,22.933
4.89534,25.400
4.89708,27.467
4.89882,28.200
4.90056,27.367
4.90230,26.167
4.90404,25.800
4.90579,25.267
4.90753,25.467
4.90927,25.867
4.91101,24.467
4.91275,22.500
4.91449,20.667
4.91623,19.467
4.91798,19.467
4.91972,19.533
4.92146,20.100
4.92320,21.200
4.92494,23.567
4.92668,25.833
4.92842,26.967
4.93017,27.433
4.93191,26.733
4.93365,24.233
4.93539,21.533
4.93713,20.767
4.93887,22.600
4.94062,25.500
4.94236,27.833
4.94410,28.833
4.94584,28.800
4.94758,27.500
4.94932,26.067
4.95106,26.500
4.95281,28.900
4.95455,29.500
4.95629,27.667
4.95803,25.900
4.95977,24.067
4.96151,21.400
4.96325,19.200
4.96500,17.900
4.96674,18.800
4.96848,20.200
4.97022,20.667
4.97196,18.967
4.97370,17.467
4.97544,17.433
4.97719,21.267
4.97893,26.967
4.98067,32.533
4.98241,33.967
4.98415,30.800
4.98589,25.700
4.98764,21.267
4.98938,18.367
4.99112,18.767
4.99286,23.267
4.99460,28.833
4.99634,31.567
4.99808,30.267
4.99983,26.633
5.00157,22.733
5.00331,19.633
5.00505,17.533
5.00679,17.467
5.00853,17.200
5.01027,17.300
5.01202,17.000
5.01376,16.233
5.01550,16.500
5.01724,15.900
5.01898,15.167
5.02072,14.267
5.02247,12.967
5.02421,12.000
5.02595,11.167
5.02769,10.833
5.02943,10.933
5.03117,10.100
5.03291,10.133
5.03466,9.667
5.03640,9.733
5.03814,9.700
5.03988,9.167
5.04162,8.800
5.04336,9.500
5.04510,9.600
5.04685,9.633
5.04859,9.667
5.05033,9.600
5.05207,9.100
5.05381,8.533
5.05555,8.133
5.05730,8.100
5.05904,7.667
5.06078,7.533
5.06252,7.367
5.06426,7.633
5.06600,7.567
5.06774,6.767
5.06949,6.500
5.07123,6.567
5.07297,6.333
5.07471,6.433
5.07645,6.467
5.07819,5.433
5.07993,5.100
5.08168,4.867
5.08342,4.733
5.08516,4.967
5.08690,4.800
5.08864,5.033
5.09038,4.800
5.09212,4.833
5.09387,4.867
5.09561,5.100
5.09735,4.967
5.09909,5.500
5.10083,5.133
5.10257,4.933
5.10432,4.700
5.10606,4.633
5.10780,4.733
5.10954,4.367
5.11128,4.467
5.11302,4.300
5.11476,4.033
5.11651,3.833
5.11825,3.767
5.11999,3.700
5.12173,3.567
5.12347,3.500
5.12521,3.467
5.12696,3.667
5.12870,3.933
5.13044,4.133
5.13218,4.033
5.13392,3.867
5.13566,4.233
5.13740,4.033
5.13915,3.900
5.14089,4.033
5.14263,4.067
5.14437,4.500
5.14611,4.600
5.14785,4.333
5.14959,4.433
5.15134,5.100
5.15308,5.267
5.15482,4.933
5.15656,4.933
5.15830,5.233
5.16004,5.533
5.16178,5.533
5.16353,5.833
5.16527,6.233
5.16701,6.733
5.16875,6.567
5.17049,6.233
5.17223,6.367
5.17397,6.267
5.17572,6.367
5.17746,6.667
5.17920,7.067
5.18094,7.200
5.18268,7.800
5.18442,8.100
5.18617,8.367
5.18791,8.400
5.18965,8.367
5.19139,8.500
5.19313,7.633
5.19487,6.433
5.19661,6.233
5.19836,6.433
5.20010,6.700
5.20184,7.300
5.20358,7.800
5.20532,8.200
5.20706,7.700
5.20881,7.100
5.21055,7.367
5.21229,7.967
5.21403,8.733
5.21577,9.433
5.21751,9.633
5.21925,9.933
5.22100,9.800
5.22274,10.000
5.22448,8.900
5.22622,7.900
5.22796,8.400
5.22970,9.900
5.23144,11.933
5.23319,14.700
5.23493,17.467
5.23667,17.833
5.23841,16.400
5.24015,14.400
5.24189,12.700
5.24363,11.400
5.24538,9.500
5.24712,9.900
5.24886,11.133
5.25060,11.433
5.25234,12.567
5.25408,12.533
5.25583,12.300
5.25757,13.000
5.25931,13.800
5.26105,14.300
5.26279,14.400
5.26453,13.667
5.26627,14.200
5.26802,13.300
5.26976,12.567
5.27150,12.300
5.27324,12.333
5.27498,12.767
5.27672,12.833
5.27846,13.433
5.28021,14.400
5.28195,14.433
5.28369,13.933
5.28543,13.467
5.28717,13.233
5.28891,13.333
5.29066,13.800
5.29240,14.267
5.29414,14.533
5.29588,14.567
5.29762,15.500
5.29936,16.600
5.30110,17.700
5.30285,18.300
5.30459,18.300
5.30633,17.633
5.30807,18.200
5.30981,17.567
5.31155,17.133
5.31329,17.133
5.31504,17.400
5.31678,17.567
5.31852,17.233
5.32026,16.900
5.32200,16.833
5.32374,16.733
5.32549,17.133
5.32723,17.933
5.32897,18.933
5.33071,18.833
5.33245,17.467
5.33419,15.933
5.33593,15.267
5.33768,14.767
5.33942,14.200
5.34116,14.067
5.34290,13.667
5.34464,12.967
5.34638,12.800
5.34812,12.400
5.34987,13.667
5.35161,14.667
5.35335,15.633
5.35509,15.733
5.35683,14.900
5.35857,14.800
5.36031,14.867
5.36206,14.267
5.36380,14.667
5.36554,14.367
5.36728,13.333
5.36902,12.633
5.37076,11.733
5.37251,11.633
5.37425,11.667
5.37599,12.000
5.37773,13.300
5.37947,13.133
5.38121,12.900
5.38295,12.200
5.38470,12.033
5.38644,12.233
5.38818,12.533
5.38992,14.633
5.39166,17.433
5.39340,18.033
5.39514,16.900
5.39689,14.200
5.39863,12.400
5.40037,11.300
5.40211,10.100
5.40385,9.800
5.40559,11.333
5.40734,11.433
5.40908,11.767
5.41082,11.567
5.41256,10.967
5.41430,11.467
5.41604,11.833
5.41778,11.833
5.41953,11.700
5.42127,10.900
5.42301,10.333
5.42475,10.033
5.42649,10.400
5.42823,10.500
5.42997,10.100
5.43172,10.100
5.43346,9.733
5.43520,9.633
5.43694,9.933
5.43868,9.967
5.44042,8.900
5.44216,7.900
5.44391,7.300
5.44565,6.800
5.44739,6.667
5.44913,6.667
5.45087,6.767
5.45261,7.067
5.45436,8.000
5.45610,9.067
5.45784,9.567
5.45958,9.500
5.46132,9.000
5.46306,8.300
5.46480,7.600
5.46655,7.100
5.46829,7.100
5.47003,6.700
5.47177,5.600
5.47351,4.600
5.47525,5.200
5.47699,5.200
5.47874,5.600
5.48048,5.700
5.48222,6.533
5.48396,6.767
5.48570,6.400
5.48744,6.000
5.48919,5.300
5.49093,5.167
5.49267,5.033
5.49441,5.267
5.49615,4.733
5.49789,4.867
5.49963,5.333
5.50138,5.367
5.50312,4.933
5.50486,4.400
5.50660,4.667
5.50834,4.733
5.51008,5.067
5.51182,5.367
5.51357,5.800
5.51531,5.733
5.51705,5.533
5.51879,5.000
5.52053,4.433
5.52227,4.233
5.52401,3.700
5.52576,3.933
5.52750,4.200
5.52924,3.833
5.53098,4.333
5.53272,4.233
5.53446,4.333
5.53621,4.500
5.53795,4.133
5.53969,3.900
5.54143,4.033
5.54317,4.000
5.54491,4.900
5.54665,4.867
5.54840,4.333
5.55014,4.167
5.55188,4.233
5.55362,4.633
5.55536,4.133
5.55710,4.033
5.55885,2.700
5.56059,2.800
5.56233,3.633
5.56407,3.567
5.56581,2.800
5.56755,2.600
5.56929,2.733
5.57104,2.733
5.57278,2.500
5.57452,2.500
5.57626,2.733
5.57800,3.433
5.57974,2.833
5.58148,2.867
5.58323,3.667
5.58497,4.133
5.58671,3.400
5.58845,3.500
5.59019,3.433
5.59193,3.533
5.59367,3.633
5.59542,3.633
5.59716,3.667
5.59890,3.500
5.60064,3.733
5.60238,3.800
5.60412,3.733
5.60587,3.633
5.60761,3.900
5.60935,3.900
5.61109,3.833
5.61283,3.933
5.61457,3.933
5.61631,4.433
5.61806,4.167
5.61980,4.333
5.62154,4.667
5.62328,4.867
5.62502,4.667
5.62676,4.633
5.62850,4.700
5.63025,4.600
5.63199,4.700
5.63373,5.200
5.63547,5.500
5.63721,5.500
5.63895,5.767
5.64070,5.667
5.64244,6.067
5.64418,5.967
5.64592,6.067
5.64766,5.867
5.64940,5.667
5.65114,5.767
5.65289,6.367
5.65463,6.467
5.65637,6.600
5.65811,6.200
5.65985,6.600
5.66159,7.000
5.66333,6.800
5.66508,6.900
5.66682,7.300
5.66856,7.100
5.67030,7.400
5.67204,7.000
5.67378,6.633
5.67553,6.633
5.67727,6.967
5.67901,7.267
5.68075,7.100
5.68249,6.700
5.68423,7.233
5.68597,6.900
5.68772,6.267
5.68946,5.767
5.69120,5.533
5.69294,6.267
5.69468,6.833
5.69642,6.400
5.69816,6.833
5.69991,6.633
5.70165,6.767
5.70339,6.700
5.70513,7.233
5.70687,8.133
5.70861,9.033
5.71035,9.733
5.71210,10.667
5.71384,10.967
5.71558,10.833
5.71732,10.533
5.71906,9.500
5.72080,9.367
5.72255,10.000
5.72429,10.400
5.72603,10.400
5.72777,10.200
5.72951,9.633
5.73125,9.133
5.73299,8.367
5.73474,8.867
5.73648,10.433
5.73822,11.633
5.73996,11.967
5.74170,11.867
5.74344,11.833
5.74518,11.633
5.74693,11.200
5.74867,11.100
5.75041,10.667
5.75215,10.433
5.75389,10.600
5.75563,10.167
5.75738,9.667
5.75912,8.967
5.76086,8.667
5.76260,8.967
5.76434,9.700
5.76608,10.633
5.76782,11.433
5.76957,11.067
5.77131,10.167
5.77305,9.167
5.77479,8.867
5.77653,8.867
5.77827,8.733
5.78001,8.200
5.78176,8.333
5.78350,8.233
5.78524,8.467
5.78698,9.067
5.78872,9.700
5.79046,9.833
5.79220,9.433
5.79395,9.700
5.79569,8.967
5.79743,8.767
5.79917,8.533
5.80091,8.633
5.80265,8.467
5.80440,8.767
5.80614,8.333
5.80788,8.233
5.80962,9.500
5.81136,9.967
5.81310,10.833
5.81484,11.467
5.81659,11.900
5.81833,11.567
5.82007,10.933
5.82181,10.133
5.82355,10.167
5.82529,10.133
5.82703,9.467
5.82878,8.533
5.83052,7.767
5.83226,7.767
5.83400,8.267
5.83574,8.967
5.83748,10.067
5.83923,10.633
5.84097,10.967
5.84271,10.667
5.84445,10.700
5.84619,10.967
5.84793,11.067
5.84967,11.367
5.85142,11.167
5.85316,11.233
5.85490,10.867
5.85664,10.067
5.85838,8.733
5.86012,7.933
5.86186,8.300
5.86361,8.200
5.86535,9.200
5.86709,9.500
5.86883,9.933
5.87057,9.833
5.87231,9.300
5.87406,8.700
5.87580,8.567
5.87754,8.067
5.87928,9.000
5.88102,8.000
5.88276,6.700
5.88450,6.700
5.88625,6.367
5.88799,6.567
5.88973,6.367
5.89147,6.133
5.89321,6.667
5.89495,6.267
5.89669,6.167
5.89844,6.067
5.90018,5.733
5.90192,5.633
5.90366,6.067
5.90540,5.567
5.90714,6.633
5.90889,6.000
5.91063,5.967
5.91237,6.267
5.91411,6.433
5.91585,6.733
5.91759,6.567
5.91933,5.733
5.92108,5.600
5.92282,5.433
5.92456,4.833
5.92630,4.633
5.92804,4.400
5.92978,4.367
5.93152,4.633
5.93327,4.633
5.93501,5.433
5.93675,5.633
5.93849,6.433
5.94023,6.333
5.94197,5.533
5.94372,5.133
5.94546,5.133
5.94720,4.733
5.94894,3.933
5.95068,3.433
5.95242,3.733
5.95416,4.033
5.95591,4.300
5.95765,4.200
5.95939,3.933
5.96113,3.533
5.96287,4.033
5.96461,3.867
5.96635,4.067
5.96810,3.900
5.96984,3.900
5.97158,3.900
5.97332,3.967
5.97506,3.533
5.97680,3.200
5.97854,3.600
5.98029,3.400
5.98203,3.167
5.98377,3.467
5.98551,3.933
5.98725,4.267
5.98899,4.267
5.99074,3.500
5.99248,3.267
5.99422,3.033
5.99596,3.067
5.99770,2.967
5.99944,2.800
6.00118,2.700
6.00293,2.867
6.00467,3.567
6.00641,3.133
6.00815,3.367
6.00989,3.300
6.01163,2.700
6.01337,2.633
6.01512,3.200
6.01686,3.200
6.01860,2.600
6.02034,2.267
6.02208,2.567
6.02382,2.733
6.02557,2.433
6.02731,2.167
6.02905,2.667
6.03079,2.800
6.03253,2.933
6.03427,3.167
6.03601,4.033
6.03776,4.667
6.03950,4.200
6.04124,4.000
6.04298,3.933
6.04472,4.200
6.04646,3.600
6.04820,3.033
6.04995,3.000
6.05169,3.200
6.05343,3.300
6.05517,4.000
6.05691,4.233
6.05865,4.200
6.06039,4.067
6.06214,4.067
6.06388,3.800
6.06562,3.667
6.06736,4.200
6.06910,4.400
6.07084,4.167
6.07259,3.967
6.07433,3.733
6.07607,3.400
6.07781,3.233
6.07955,3.033
6.08129,3.033
6.08303,3.133
6.08478,2.867
6.08652,2.700
6.08826,3.333
6.09000,3.533
6.09174,3.800
6.09348,3.900
6.09522,4.300
6.09697,4.200
6.09871,3.967
6.10045,3.733
6.10219,3.700
6.10393,3.233
6.10567,3.900
6.10742,4.000
6.10916,3.600
6.11090,3.500
6.11264,3.633
6.11438,3.067
6.11612,3.400
6.11786,3.700
6.11961,3.800
6.12135,3.800
6.12309,3.967
6.12483,3.967
6.12657,4.100
6.12831,4.300
6.13005,4.333
6.13180,4.233
6.13354,4.167
6.13528,4.333
6.13702,3.733
6.13876,3.433
6.14050,3.133
6.14225,3.400
6.14399,4.600
6.14573,5.400
6.14747,5.867
6.14921,5.933
6.15095,5.867
6.15269,5.833
6.15444,5.467
6.15618,5.200
6.15792,5.100
6.15966,4.500
6.16140,4.433
6.16314,4.500
6.16488,4.400
6.16663,4.900
6.16837,4.800
6.17011,4.700
6.17185,4.467
6.17359,4.133
6.17533,4.533
6.17707,5.000
6.17882,4.333
6.18056,4.333
6.18230,4.867
6.18404,5.000
6.18578,4.633
6.18752,4.400
6.18927,4.133
6.19101,4.267
6.19275,4.733
6.19449,4.933
6.19623,5.200
6.19797,5.000
6.19971,5.333
6.20146,5.133
6.20320,5.100
6.20494,5.200
6.20668,5.633
6.20842,5.633
6.21016,5.800
6.21191,5.800
6.21365,5.500
6.21539,5.233
6.21713,5.167
6.21887,5.333
6.22061,4.267
6.22235,4.167
6.22410,4.333
6.22584,4.200
6.22758,4.167
6.22932,4.167
6.23106,4.467
6.23280,4.967
6.23454,5.433
6.23629,5.200
6.23803,5.167
6.23977,4.867
6.24151,4.400
6.24325,5.067
6.24499,5.467
6.24673,5.200
6.24848,4.600
6.25022,4.467
6.25196,4.433
6.25370,4.733
6.25544,4.533
6.25718,4.233
6.25892,5.067
6.26067,5.600
6.26241,5.200
6.26415,4.967
6.26589,5.433
6.26763,4.800
6.26937,4.633
6.27112,4.367
6.27286,4.467
6.27460,4.567
6.27634,5.100
6.27808,5.467
6.27982,5.867
6.28156,5.867
6.28331,6.067
6.28505,5.700
6.28679,5.567
6.28853,5.600
6.29027,5.467
6.29201,5.367
6.29376,5.367
6.29550,5.467
6.29724,6.000
6.29898,5.367
6.30072,5.567
6.30246,6.033
6.30420,5.267
6.30595,5.067
6.30769,5.467
6.30943,5.567
6.31117,6.067
6.31291,5.367
6.31465,5.567
6.31639,5.567
6.31814,4.367
6.31988,4.267
6.32162,4.967
6.32336,4.967
6.32510,5.233
6.32684,4.933
6.32858,5.233
6.33033,5.133
6.33207,5.300
6.33381,5.200
6.33555,4.933
6.33729,4.933
6.33903,5.233
6.34078,4.533
6.34252,5.033
6.34426,5.133
6.34600,4.300
6.34774,4.500
6.34948,5.033
6.35122,4.633
6.35297,5.000
6.35471,4.800
6.35645,4.800
6.35819,5.000
6.35993,4.733
6.36167,4.633
6.36341,4.333
6.36516,4.533
6.36690,4.700
6.36864,4.600
6.37038,4.433
6.37212,4.033
6.37386,3.900
6.37561,4.100
6.37735,4.067
6.37909,3.733
6.38083,4.833
6.38257,4.567
6.38431,4.467
6.38605,4.567
6.38780,4.633
6.38954,4.833
6.39128,4.733
6.39302,4.867
6.39476,4.600
6.39650,4.300
6.39824,4.700
6.39999,5.067
6.40173,4.333
6.40347,3.967
6.40521,4.033
6.40695,3.633
6.40869,3.100
6.41044,2.700
6.41218,2.867
6.41392,2.900
6.41566,2.333
6.41740,2.833
6.41914,3.600
6.42088,4.000
6.42263,4.833
6.42437,4.400
6.42611,3.933
6.42785,3.867
6.42959,4.433
6.43133,4.533
6.43307,4.567
6.43482,3.967
6.43656,3.100
6.43830,3.200
6.44004,3.300
6.44178,3.433
6.44352,4.133
6.44526,4.700
6.44701,4.500
6.44875,3.933
6.45049,3.800
6.45223,3.300
6.45397,3.033
6.45571,2.800
6.45746,3.467
6.45920,3.567
6.46094,3.333
6.46268,2.933
6.46442,3.767
6.46616,3.667
6.46790,3.033
6.46965,2.633
6.47139,2.033
6.47313,1.800
6.47487,2.233
6.47661,2.433
6.47835,2.833
6.48009,2.000
6.48184,3.067
6.48358,3.067
6.48532,1.933
6.48706,2.233
6.48880,2.167
6.49054,1.967
6.49229,2.633
6.49403,2.433
6.49577,2.633
6.49751,2.633
6.49925,2.733
6.50099,2.833
6.50273,2.833
6.50448,2.933
6.50622,2.833
6.50796,2.833
6.50970,3.267
6.51144,3.367
6.51318,2.367
6.51492,2.467
6.51667,3.367
6.51841,3.567
6.52015,3.433
6.52189,3.167
6.52363,3.500
6.52537,3.467
6.52711,2.933
6.52886,3.033
6.53060,3.133
6.53234,2.733
6.53408,2.667
6.53582,2.667
6.53756,3.200
6.53931,3.200
6.54105,2.733
6.54279,2.733
6.54453,3.133
6.54627,2.667
6.54801,2.933
6.54975,2.767
6.55150,2.867
6.55324,2.800
6.55498,2.500
6.55672,2.567
6.55846,2.767
6.56020,2.967
6.56194,2.867
6.56369,2.267
6.56543,2.533
6.56717,2.900
6.56891,2.467
6.57065,2.433
6.57239,2.600
6.57414,2.700
6.57588,2.933
6.57762,2.933
6.57936,2.833
6.58110,2.767
6.58284,2.900
6.58458,2.800
6.58633,2.967
6.58807,2.900
6.58981,2.933
6.59155,3.333
6.59329,3.367
6.59503,3.233
6.59677,3.500
6.59852,3.400
6.60026,3.100
6.60200,2.733
6.60374,3.133
6.60548,3.267
6.60722,3.300
6.60897,3.000
6.61071,2.967
6.61245,3.367
6.61419,3.967
6.61593,4.167
6.61767,4.667
6.61941,4.700
6.62116,4.800
6.62290,4.500
6.62464,4.500
6.62638,4.400
6.62812,4.533
6.62986,4.833
6.63160,4.733
6.63335,4.767
6.63509,4.667
6.63683,4.400
6.63857,3.633
6.64031,3.867
6.64205,4.133
6.64380,4.133
6.64554,3.967
6.64728,3.867
6.64902,3.733
6.65076,3.400
6.65250,2.833
6.65424,2.367
6.65599,2.433
6.65773,2.600
6.65947,3.600
6.66121,3.833
6.66295,3.133
6.66469,2.733
6.66643,3.167
6.66818,3.300
6.66992,2.767
6.67166,2.667
6.67340,4.100
6.67514,4.200
6.67688,5.067
6.67863,5.367
6.68037,5.833
6.68211,5.867
6.68385,5.200
6.68559,4.967
6.68733,4.733
6.68907,4.733
6.69082,4.500
6.69256,4.133
6.69430,4.133
6.69604,4.100
6.69778,4.133
6.69952,4.033
6.70126,3.967
6.70301,3.967
6.70475,4.300
6.70649,4.300
6.70823,4.300
6.70997,4.300
6.71171,4.533
6.71345,4.567
6.71520,4.900
6.71694,4.800
6.71868,4.500
6.72042,4.500
6.72216,4.567
6.72390,4.567
6.72565,4.333
6.72739,4.433
6.72913,4.233
6.73087,3.833
6.73261,3.700
6.73435,3.567
6.73609,3.700
6.73784,3.500
6.73958,3.300
6.74132,3.500
6.74306,4.400
6.74480,4.467
6.74654,3.967
6.74828,3.967
6.75003,3.700
6.75177,3.700
6.75351,3.400
6.75525,3.400
6.75699,3.233
6.75873,3.500
6.76048,3.567
6.76222,3.067
6.76396,2.900
6.76570,2.833
6.76744,3.400
6.76918,3.500
6.77092,3.533
6.77267,3.433
6.77441,4.033
6.77615,4.233
6.77789,3.733
6.77963,3.833
6.78137,3.967
6.78311,3.667
6.78486,3.500
6.78660,3.067
6.78834,3.233
6.79008,3.633
6.79182,3.967
6.79356,4.067
6.79530,3.900
6.79705,3.900
6.79879,3.733
6.80053,3.733
6.80227,4.133
6.80401,4.133
6.80575,3.067
6.80750,3.167
6.80924,3.833
6.81098,3.633
6.81272,3.533
6.81446,3.133
6.81620,3.067
6.81794,2.867
6.81969,3.000
6.82143,3.300
6.82317,3.700
6.82491,3.500
6.82665,3.633
6.82839,3.300
6.83013,3.233
6.83188,3.233
6.83362,3.600
6.83536,3.933
6.83710,4.167
6.83884,4.133
6.84058,4.033
6.84233,3.633
6.84407,2.667
6.84581,2.300
6.84755,2.267
6.84929,2.633
6.85103,2.233
6.85277,2.067
6.85452,2.233
6.85626,2.633
6.85800,2.933
6.85974,3.233
6.86148,3.333
6.86322,3.433
6.86496,4.200
6.86671,4.300
6.86845,3.633
6.87019,3.633
6.87193,3.267
6.87367,3.200
6.87541,3.033
6.87716,3.033
6.87890,2.733
6.88064,2.433
6.88238,2.733
6.88412,3.033
6.88586,3.633
6.88760,3.833
6.88935,3.900
6.89109,4.133
6.89283,4.233
6.89457,3.700
6.89631,3.867
6.89805,3.600
6.89979,3.100
6.90154,2.800
6.90328,2.733
6.90502,2.867
6.90676,2.967
6.90850,3.067
6.91024,3.100
6.91198,3.200
6.91373,3.000
6.91547,2.700
6.91721,2.700
6.91895,2.600
6.92069,2.433
6.92243,2.033
6.92418,2.433
6.92592,2.400
6.92766,2.100
6.92940,2.267
6.93114,3.267
6.93288,3.467
6.93462,3.167
6.93637,2.767
6.93811,3.000
6.93985,2.733
6.94159,2.133
6.94333,2.033
6.94507,2.233
6.94682,2.733
6.94856,2.733
6.95030,2.800
6.95204,2.633
6.95378,2.533
6.95552,2.867
6.95726,3.033
6.95901,2.767
6.96075,2.633
6.96249,3.000
6.96423,2.900
6.96597,2.833
6.96771,2.833
6.96945,3.033
6.97120,3.233
6.97294,3.033
6.97468,2.533
6.97642,2.533
6.97816,2.600
6.97990,2.000
6.98164,2.167
6.98339,2.333
6.98513,2.533
6.98687,2.700
6.98861,2.700
6.99035,2.767
6.99209,2.667
6.99383,2.733
6.99558,2.733
6.99732,2.500
6.99906,2.600
7.00080,2.533
7.00254,2.533
7.00428,2.633
7.00603,2.733
7.00777,2.933
7.00951,3.033
7.01125,3.433
7.01299,3.533
7.01473,4.000
7.01647,3.800
7.01822,3.800
7.01996,3.700
7.02170,3.633
7.02344,3.367
7.02518,3.667
7.02692,3.467
7.02867,3.467
7.03041,3.667
7.03215,3.933
7.03389,3.833
7.03563,4.033
7.03737,4.033
7.03911,3.567
7.04086,3.667
7.04260,3.500
7.04434,3.600
7.04608,3.333
7.04782,3.233
7.04956,3.233
7.05130,3.000
7.05305,2.633
7.05479,2.600
7.05653,2.833
7.05827,3.000
7.06001,2.833
7.06175,2.633
7.06349,3.333
7.06524,3.133
7.06698,2.833
7.06872,3.033
7.07046,3.833
7.07220,4.233
7.07394,4.433
7.07569,4.433
7.07743,3.867
7.07917,3.667
7.08091,3.533
7.08265,3.233
7.08439,3.433
7.08613,3.333
7.08788,3.300
7.08962,3.200
7.09136,3.200
7.09310,3.667
7.09484,3.633
7.09658,3.667
7.09832,3.333
7.10007,3.300
7.10181,2.667
7.10355,2.600
7.10529,2.833
7.10703,2.733
7.10877,2.533
7.11052,2.533
7.11226,3.033
7.11400,3.133
7.11574,3.133
7.11748,3.033
7.11922,3.000
7.12096,3.133
7.12271,3.333
7.12445,3.433
7.12619,3.033
7.12793,3.033
7.12967,3.533
7.13141,3.733
7.13315,3.067
7.13490,3.067
7.13664,3.133
7.13838,3.300
7.14012,2.833
7.14186,3.167
7.14360,3.133
7.14535,3.133
7.14709,3.533
7.14883,3.167
7.15057,2.533
7.15231,2.300
7.15405,2.300
7.15579,2.367
7.15754,2.567
7.15928,2.700
7.16102,3.167
7.16276,3.367
7.16450,3.733
7.16624,3.833
7.16798,3.933
7.16973,3.533
7.17147,3.433
7.17321,3.233
7.17495,3.133
7.17669,3.333
7.17843,3.333
7.18017,3.333
7.18192,3.333
7.18366,3.333
7.18540,3.100
7.18714,3.100
7.18888,3.467
7.19062,3.200
7.19237,3.333
7.19411,3.233
7.19585,2.833
7.19759,2.633
7.19933,3.333
7.20107,3.633
7.20281,3.500
7.20456,3.333
7.20630,3.533
7.20804,3.733
7.20978,3.767
7.21152,3.933
7.21326,3.867
7.21500,3.467
7.21675,3.367
7.21849,3.467
7.22023,3.567
7.22197,3.733
7.22371,3.233
7.22545,3.233
7.22720,2.533
7.22894,2.467
7.23068,2.533
7.23242,2.533
7.23416,2.767
7.23590,2.700
7.23764,2.600
7.23939,2.367
7.24113,2.700
7.24287,3.133
7.24461,3.700
7.24635,3.000
7.24809,3.433
7.24983,3.233
7.25158,2.233
7.25332,2.233
7.25506,2.267
7.25680,2.200
7.25854,2.367
7.26028,2.267
7.26202,1.933
7.26377,2.033
7.26551,2.133
7.26725,2.433
7.26899,2.133
7.27073,1.867
7.27247,1.833
7.27422,2.033
7.27596,2.233
7.27770,2.033
7.27944,2.133
7.28118,2.333
7.28292,2.233
7.28466,2.400
7.28641,3.067
7.28815,3.433
7.28989,3.333
7.29163,2.733
7.29337,2.333
7.29511,2.533
7.29685,2.533
7.29860,2.433
7.30034,2.400
7.30208,2.700
7.30382,3.000
7.30556,2.833
7.30730,2.600
7.30905,2.400
7.31079,2.833
7.31253,3.033
7.31427,3.200
7.31601,3.200
7.31775,3.700
7.31949,3.600
7.32124,2.900
7.32298,2.867
7.32472,3.133
7.32646,3.167
7.32820,2.967
7.32994,2.667
7.33168,2.600
7.33343,3.000
7.33517,3.700
7.33691,3.833
7.33865,3.900
7.34039,3.600
7.34213,2.967
7.34388,2.667
7.34562,3.233
7.34736,3.367
7.34910,2.567
7.35084,2.767
7.35258,3.233
7.35432,3.467
7.35607,3.367
7.35781,3.567
7.35955,3.767
7.36129,4.100
7.36303,3.833
7.36477,3.633
7.36651,3.767
7.36826,4.100
7.37000,3.900
7.37174,3.767
7.37348,4.000
7.37522,4.000
7.37696,3.300
7.37871,3.000
7.38045,3.133
7.38219,3.267
7.38393,3.067
