position;dPos;Intensity;dInt
-2.2778749999999994;0.01949248618849822;0.012091176470588235;0.001634204299593676
-2.2709074999999994;0.01958226236906722;0.013953921568627452;0.00217757528565504
-2.26394;0.019675621601581667;0.013104901960784312;0.0032440940269980014
-2.2569774999999996;0.01976539593322336;0.014870588235294118;0.00219675283762284
-2.2500074999999997;0.019857063328054415;0.015425490196078431;0.00284138207486215
-2.2430449999999995;0.01995040179334994;0.015066666666666667;0.0028574836778835263
-2.2360774999999995;0.020040334715723505;0.01722156862745098;0.0030203938943788563
-2.2291124999999994;0.020134311806038658;0.014705882352941176;0.002279574033158727
-2.2221474999999997;0.020223694844254732;0.012254901960784314;0.0017636783500877488
-2.2151774999999994;0.020315473281370823;0.01326764705882353;0.0019104257645739516
-2.208214999999999;0.02040888191344879;0.01607843137254902;0.002067441657471518
-2.2012474999999996;0.02049896209272965;0.015784313725490193;0.0019686362393366817
-2.1942824999999995;0.020592994285152565;0.015490196078431374;0.0020711266382601717
-2.1873175;0.020682533820682532;0.017581372549019605;0.001960853484891024
-2.1803474999999994;0.020774416011322835;0.017844117647058823;0.00208521553038306
-2.1733849999999997;0.02086788934060606;0.021176470588235297;0.0028179974857250544
-2.1664174999999997;0.020958108062842616;0.01866078431372549;0.0030155882485746774
-2.1594524999999996;0.021052190638685356;0.020750980392156865;0.003400301656036431
-2.1524874999999994;0.02114187769966293;0.019313725490196082;0.003286555863289424
-2.1455174999999995;0.021233856972076665;0.02826764705882353;0.005639625209831675
-2.1385549999999993;0.02132739002879043;0.03032647058823529;0.0038009378951940095
-2.1315874999999997;0.021417739273837867;0.029182352941176472;0.004948036356289259
-2.124622499999999;0.021511867958884066;0.0254578431372549;0.003261795630669599
-2.1176574999999995;0.021601694272094026;0.025881372549019607;0.003137065355282971
-2.1106874999999996;0.021693764508341973;0.02872450980392157;0.0034976243759372704
-2.1037249999999994;0.0217873527690311;0.027090196078431373;0.0035233163923518336
-2.0967575;0.02187782514246087;0.024215686274509804;0.002596768217900057
-2.0897924999999997;0.021971996058780408;0.02601372549019608;0.00435062510809869
-2.0828274999999996;0.02206195398227959;0.028398039215686274;0.0035683025546996705
-2.0758599999999996;0.022155649523306346;0.026862745098039216;0.0030855103654088573
-2.0688949999999995;0.02224774890315759;0.025425490196078433;0.0042933214216894135
-2.0619274999999995;0.022338337576009896;0.02702549019607843;0.0036828931560976717
-2.0549624999999994;0.0224325471997129;0.02238529411764706;0.00443946426581501
-2.0479974999999997;0.022522629663099092;0.018104901960784313;0.0018416214276802915
-2.0410299999999997;0.022616373302198827;0.020129411764705882;0.005467005489260811
-2.034064999999999;0.022708552071133523;0.018823529411764704;0.0035746010478855243
-2.0270974999999996;0.02279925072648543;0.015424509803921568;0.007012883428642188
-2.0201324999999994;0.02289349585059743;0.013071568627450979;0.0028859260826873856
-2.0131674999999998;0.022983696301937348;0.01758235294117647;0.0020633578049491052
-2.0061999999999998;0.023077484529795037;0.01607843137254902;0.003014701046810512
-1.9992349999999994;0.023169737987523767;0.013300980392156863;0.0026251067894769308
-1.9922674999999994;0.023260540772995886;0.012809803921568629;0.004232127033899737
-1.9853024999999995;0.023354818474759818;0.012123529411764707;0.002109251291304097
-1.9783374999999994;0.02344513083332982;0.010883333333333332;0.0020178968281983223
-1.9713699999999994;0.023538960436585373;0.010751960784313726;0.0030263864089489084
-1.9644074999999996;0.023629776314284808;0.008005882352941177;0.001501484023890092
-1.9574374999999997;0.02372218572874237;0.009771568627450981;0.002073917334964079
-1.9504724999999996;0.023816493340757142;0.009608823529411765;0.00162130306109529
-1.9435074999999995;0.023906911954869943;0.00915;0.0017518788242822634
-1.9365399999999995;0.024000779986930017;0.0078098039215686275;0.0027485861755405586
-1.9295774999999995;0.024091690451653505;0.00869313725490196;0.0016687006686930959
-1.9226074999999996;0.024184165269435714;0.01003235294117647;0.0015619437541223781
-1.9156424999999995;0.02427850035412743;0.01111078431372549;0.001709069469400441
-1.9086774999999994;0.02436901996341959;0.009477450980392156;0.0009834916153180974
-1.9017099999999996;0.0244629237185705;0.009476470588235295;0.0026846187039399143
-1.8947474999999994;0.02455392401037232;0.010523529411764706;0.0027480760387311363
-1.8877774999999994;0.024646460580446432;0.013529411764705884;0.001742322828188438
-1.8808124999999993;0.024740820907441386;0.012351960784313724;0.0026317346330223413
-1.8738474999999997;0.024831436609082196;0.008889215686274508;0.003163228807793137
-1.8668799999999992;0.024925373599484196;0.010980392156862745;0.0024300143792533807
-1.8599174999999994;0.025016459284432517;0.011764705882352943;0.003616516995859485
-1.8529474999999995;0.025109054220366533;0.009347058823529413;0.001162223466411356
-1.8459849999999993;0.025202943610030875;0.011340196078431373;0.005147694597210877
-1.8390174999999995;0.025294144964751842;0.012809803921568627;0.0021880908279203162
-1.8320499999999995;0.025388112899954088;0.017843137254901963;0.005012390133528958
-1.8250874999999993;0.02547927984237172;0.018954901960784316;0.004621215288707659
-1.8181174999999994;0.025571929998981308;0.015391176470588236;0.0016720434253712
-1.8111549999999996;0.02566584900702016;0.01692843137254902;0.003148099652267611
-1.8041874999999994;0.025757129309350087;0.01741862745098039;0.004323134890407801
-1.7972199999999996;0.02585112607801551;0.020588235294117647;0.0022833937388350976
-1.7902574999999996;0.025942370415515163;0.020751960784313725;0.0029353821284084265
-1.7832874999999997;0.026035072867921463;0.021012745098039215;0.0021802702414251266
-1.7763249999999995;0.026129019484580834;0.029117647058823526;0.01105238554317814
-1.7693574999999995;0.02622037502311834;0.035915686274509806;0.004783569891549964
-1.7623899999999995;0.02631439867668989;0.03372450980392157;0.0070354507753104195
-1.7554274999999995;0.026405716797682086;0.03068627450980392;0.004368952916145183
-1.7484574999999996;0.026498468822497068;0.0346078431372549;0.0065766482100566605
-1.7414949999999996;0.026592441191694717;0.036699999999999997;0.004817262344283969
-1.7345274999999993;0.026683868493549496;0.03388823529411765;0.006145959984554423
-1.7275624999999994;0.026778317765232408;0.04297450980392156;0.005718381148128696
-1.7205974999999998;0.026869305755018523;0.035521568627450976;0.008377673936232389
-1.7136274999999994;0.026962104813411814;0.03875882352941176;0.007030726640681514
-1.7066649999999994;0.027056101219051602;0.042615686274509804;0.013887512550643862
-1.6996974999999996;0.02714759703072825;0.059084313725490195;0.008260508759128033
-1.6927324999999995;0.027242062320281972;0.04248235294117647;0.015725541810421715
-1.6857674999999996;0.027333124944792536;0.039967647058823524;0.0053884750552563665
-1.6787974999999995;0.02742596866722571;0.041634313725490195;0.006314107249805013
-1.6718349999999993;0.027519987520910626;0.04882352941176471;0.006193719663541203
-1.6648674999999993;0.02761154879100872;0.04931372549019608;0.005078162735469372
-1.6579024999999996;0.027706028801006092;0.05189411764705883;0.0055336138809661895
-1.6509374999999995;0.02779716284213724;0.04990098039215686;0.0075517251333339225
-1.64397;0.027891265219795076;0.042484313725490205;0.004997345273712651
-1.6370049999999994;0.02798408884456083;0.04653529411764706;0.010267393301402753
-1.6300374999999998;0.028075712708093267;0.05104509803921569;0.006604378823651007
-1.6230724999999993;0.028170206241984026;0.04905294117647059;0.0052303323614814054
-1.6161074999999996;0.028261408673854845;0.0429735294117647;0.006270781691406096
-1.6091399999999991;0.028355530956750457;0.03784313725490196;0.006611187454933505
-1.6021749999999995;0.02844839466653888;0.03483529411764706;0.0037934838740400034
-1.5952074999999994;0.028540078430694855;0.03294117647058824;0.006015875447596937
-1.5882424999999993;0.0286345843839813;0.030849019607843142;0.004353661053057639
-1.5812774999999992;0.02872585235850573;0.03313627450980392;0.0038398113205193136
-1.5743099999999997;0.02881999325904158;0.036208823529411766;0.008201066176900935
-1.567345;0.02891289513486551;0.03879019607843137;0.0052926210266554564
-1.5603774999999995;0.02900463626606485;0.035718627450980395;0.004554867517855591
-1.5534124999999999;0.029099153618352188;0.028332352941176468;0.004556888268338294
-1.5464474999999993;0.029190484452101623;0.02284313725490196;0.002724402613681637
-1.5394799999999997;0.02928464277393284;0.022222549019607844;0.0023707697826707485
-1.5325149999999996;0.029377581016652575;0.022647058823529416;0.0028554107407737705
-1.5255474999999996;0.029469377128757274;0.021927450980392157;0.0028000239535966665
-1.5185824999999995;0.02956390493658207;0.02062156862745098;0.00721721732389255
-1.5116174999999994;0.029655296098804847;0.018365686274509806;0.0024572228133094413
-1.5046499999999994;0.029749470729345712;0.01699313725490196;0.003662262684550673
-1.4976874999999996;0.029841242453860585;0.012842156862745098;0.0021628990125015434
-1.4907174999999993;0.029934292494074564;0.013595098039215686;0.0019496805429431126
-1.4837524999999996;0.03002882988442522;0.011993137254901962;0.002395439504765654
-1.4767875;0.030120278986106374;0.011568627450980393;0.0012052833413128807
-1.4698199999999995;0.030214468889742725;0.01189607843137255;0.0012816185210806023
-1.4628574999999997;0.0303062916143231;0.011961764705882352;0.001430141384523133
-1.4558874999999993;0.030399374355706405;0.012907843137254902;0.002989740385292153
-1.4489224999999997;0.030493920520161418;0.011242156862745097;0.0013456079882355537
-1.4419574999999996;0.030585425304017932;0.014673529411764707;0.0029787472170930756
-1.4349899999999995;0.030679629515949984;0.01522843137254902;0.0035805789361148814
-1.4280274999999993;0.030771501214084035;0.017777450980392157;0.0017906440417342542
-1.4210574999999994;0.030864615187130386;0.017320588235294115;0.0019489964844895467
-1.4140924999999993;0.03095916937654801;0.018855882352941177;0.001961365981534411
-1.4071274999999992;0.03105072770786746;0.02134019607843137;0.004555752450359105
-1.4001599999999996;0.031144945328517665;0.01888921568627451;0.0027882798015209883
-1.3931974999999994;0.031236864084892516;0.020718627450980392;0.003702897381295347
-1.386227499999999;0.03133000790639203;0.02614313725490196;0.00537890119564732
-1.3792649999999993;0.03142416634486213;0.02503235294117647;0.004638650133138965
-1.3722974999999997;0.03151617928433396;0.027451960784313726;0.005800375175956564
-1.3653299999999993;0.031610409474260935;0.03369313725490196;0.004407659406932457
-1.3583674999999995;0.03170237347709802;0.03666666666666667;0.004233954641731587
-1.3513974999999996;0.031795545843926326;0.043398039215686274;0.00788146799165278
-1.3444349999999994;0.03188971635460979;0.04447745098039216;0.005848371473175085
-1.3374674999999994;0.03198177352039941;0.04875882352941177;0.008039000688181993
-1.3304999999999993;0.03207601549566626;0.056666666666666664;0.006110226352366157
-1.3235374999999991;0.03216802302968672;0.05797450980392157;0.006797830113986268
-1.3165674999999992;0.032261222713120215;0.06888921568627451;0.008221806623184785
-1.309605;0.032355404544203346;0.06620980392156862;0.006724978797798122
-1.3026374999999994;0.03244750427493074;0.06372549019607843;0.007772817773658998
-1.2956699999999999;0.032541757302882265;0.05712450980392157;0.0063516036544390446
-1.2887074999999992;0.03263380674284247;0.06578431372549019;0.01471696850104745
-1.2817374999999998;0.032727032583348456;0.07741764705882352;0.00794914009391777
-1.2747749999999995;0.03282122503189562;0.07964019607843137;0.009288080977654592
-1.2678074999999995;0.032913365752637085;0.07611078431372549;0.00957667936208197
-1.2608399999999995;0.03300762914804463;0.0913078431372549;0.01669512513330496
-1.2538774999999993;0.03309971895278889;0.09585;0.016656152514700897
-1.2469074999999994;0.03319296985524565;0.08562058823529413;0.008959787752789416
-1.2399449999999996;0.033287172263550595;0.09110980392156862;0.010214455201624817
-1.2329774999999992;0.033379352480175026;0.09133921568627451;0.010256804374333349
-1.2260124999999995;0.0334739391873835;0.10310490196078433;0.01309953859013782
-1.2190474999999998;0.03356575430869563;0.11326764705882353;0.01482716746809296
-1.2120774999999995;0.03365902923800135;0.11300686274509805;0.01938465545044817
-1.2051149999999997;0.03375324099025079;0.09996764705882352;0.013057755465139844
-1.1981474999999993;0.03384545928419878;0.10937941176470588;0.011687800606998875
-1.1911824999999996;0.033940050342447056;0.11349705882352942;0.014482647930442485
-1.1842174999999995;0.0340319077514546;0.1268637254901961;0.014793694645542026
-1.1772474999999996;0.03412520572848902;0.09977058823529412;0.01641922487108227
-1.1702849999999994;0.03421942624770739;0.09133921568627451;0.014520182680495831
-1.1633174999999993;0.034311681271174;0.08918235294117646;0.011040830554982816
-1.1563524999999992;0.03440627624589324;0.09284313725490197;0.009309763381535094
-1.1493874999999996;0.03449817449415257;0.08624117647058824;0.011465908920426841
-1.1424199999999995;0.034592468578620195;0.08124215686274508;0.008412561754177246
-1.1354549999999994;0.03468572333730853;0.07950980392156863;0.008227351523103348
-1.1284874999999999;0.034778013808792994;0.08571862745098041;0.010438808051212198
-1.1215224999999993;0.03487261229537139;0.08447745098039215;0.008640832400854033
-1.1145574999999996;0.034964550004085146;0.0753921568627451;0.012158534725841032
-1.1075899999999992;0.03505885192133272;0.07212450980392157;0.008606413162112345
-1.1006249999999995;0.035152127808655086;0.07284411764705882;0.008577892233851716
-1.0936574999999995;0.03524445250884524;0.06388823529411763;0.007314871440301102
-1.0866924999999994;0.03533905413040284;0.06787549019607843;0.009517716414987335
-1.0797274999999993;0.03543102998617213;0.06918235294117647;0.012141956635753091
-1.0727599999999993;0.035525339253196876;0.044868627450980386;0.008998185890187322
-1.0657949999999992;0.035618635443450376;0.04045784313725491;0.005209263782172019
-1.0588274999999996;0.03571099321141301;0.038921568627450984;0.004811175395780725
-1.0518624999999995;0.03580559761676218;0.04745098039215685;0.00757993804197869
-1.0448974999999994;0.03589761036764944;0.03637254901960785;0.015407902649364305
-1.0379299999999998;0.03599192653083758;0.027973529411764703;0.0030398916953219657
-1.0309649999999997;0.03608524224062392;0.026111764705882355;0.0027833236456560394
-1.0239974999999997;0.0361776319702743;0.02803921568627451;0.003057136286796465
-1.0170324999999991;0.03627223883204776;0.02581666666666667;0.005401313398155386
-1.0100674999999995;0.03636428728392466;0.020457843137254902;0.002677614414183727
-1.003099999999999;0.0364586099170194;0.021405882352941177;0.0022584656891347947
-0.9961374999999997;0.036550957449708925;0.02065392156862745;0.002173009869333534
-0.9891674999999993;0.03664436503940716;0.02094705882352941;0.002275303746377644
-0.9822024999999996;0.03673897405233888;0.02235294117647059;0.002403086570908717
-0.9752374999999991;0.036831057065494666;0.021404901960784314;0.0024247789488504212
-0.9682699999999995;0.03692538576772412;0.021862745098039215;0.002658814612359004
-0.9613074999999998;0.037017763386157705;0.02480392156862745;0.004238488718933977
-0.9543374999999994;0.037111188860500355;0.031994117647058826;0.006673699353843236
-0.9473724999999997;0.03720579973984472;0.033757843137254905;0.003656841221528066
-0.9404074999999992;0.037297916225834;0.037712745098039215;0.00409888999948292
-0.9334399999999996;0.037392250620185856;0.043823529411764706;0.0076615056262361635
-0.9264774999999994;0.03748465735564847;0.055489215686274504;0.00919598220384594
-0.9195074999999995;0.03757810005138382;0.06872549019607842;0.010283285368251011
-0.9125449999999993;0.03767237065559689;0.07486960784313726;0.007916916559928194
-0.9055774999999997;0.03776486145017119;0.09983725490196078;0.031746756218526705
-0.8986099999999992;0.037859201181800195;0.1096078431372549;0.019804594436249226
-0.8916474999999995;0.037951636109143844;0.09522941176470588;0.011393491460529391
-0.8846774999999991;0.03804509539530145;0.10774607843137256;0.013022195954445273
-0.8777149999999994;0.03813937112207963;0.11418333333333333;0.011530864013484651
-0.8707474999999998;0.03823188958507813;0.1344764705882353;0.02408885737609857
-0.8637799999999993;0.03832623431983552;0.1388235294117647;0.021093848989828537
-0.8568174999999996;0.03841869655499856;0.11669901960784312;0.012980763830129955
-0.8498474999999992;0.03851217183095561;0.11692843137254902;0.0118756909681138
-0.8428849999999994;0.03860645235833578;0.12460686274509805;0.02220221041961771
-0.8359174999999994;0.03869899762880525;0.1317970588235294;0.02440923818638241
-0.8289499999999994;0.03879334705187924;0.12836666666666668;0.01717460948336415
-0.8219874999999992;0.038885835749575125;0.13911862745098041;0.017657174715265563
-0.8150174999999997;0.038979326443259625;0.15735392156862746;0.017140909502016653
-0.808055;0.0390736114678291;0.1800656862745098;0.04899581210238631
-0.8010874999999995;0.0391661827223005;0.22604509803921569;0.024781805083957754
-0.7941199999999999;0.03926053653695836;0.193921568627451;0.02363399274827854
-0.7871574999999993;0.03935305088852066;0.1833656862745098;0.021968729339177408
-0.7801874999999998;0.03944655645474056;0.1872558823529412;0.03305533116806811
-0.7732249999999996;0.03954084569043722;0.24120882352941175;0.03357891262796196
-0.7662574999999996;0.039633442140857164;0.16784313725490196;0.06707843278634654
-0.7592924999999995;0.03972805893147958;0.14607843137254903;0.016208747675791623
-0.7523274999999994;0.039820339298651704;0.1916343137254902;0.055087220423514285
-0.7453574999999995;0.039913859217539434;0.19329999999999997;0.033089940090093244
-0.7383949999999997;0.040008152394540315;0.19924803921568626;0.03776264439237789
-0.7314274999999992;0.040100773286339556;0.16251666666666667;0.016892652956557043
-0.7244624999999996;0.04019539052002663;0.18094803921568625;0.021201377242649446
-0.7174974999999999;0.04028769843039785;0.1675813725490196;0.0169407205619596
-0.7105274999999995;0.04038123220596133;0.17709117647058822;0.025345755194488815
-0.7035649999999998;0.04047552906965197;0.21094803921568628;0.02405241723912286
-0.6965974999999993;0.040568173679940554;0.18624215686274512;0.04789655051952311
-0.6896324999999996;0.04066279118537569;0.1524843137254902;0.016272911673245807
-0.6826674999999995;0.040755125850760236;0.21774509803921568;0.06187361622057662
-0.6756974999999996;0.04084867300953198;0.248528431372549;0.10786436475875771
-0.6687349999999994;0.040942973319550297;0.15192745098039218;0.02539153058177366
-0.6617674999999994;0.041035640955429525;0.15833333333333333;0.019562159952624007
-0.6548024999999993;0.041130258572578564;0.14241862745098038;0.016415072470541314
-0.6478374999999996;0.04122261923674449;0.1564705882352941;0.02424737013264227
-0.64087;0.04131698925522783;0.14104607843137254;0.014273015824799385
-0.6339049999999995;0.04141048285586947;0.14114313725490196;0.01537046640679704
-0.6269374999999995;0.04150317285285202;0.13950980392156861;0.014867076256850738
-0.6199724999999994;0.04159779043221611;0.140621568627451;0.023123571523503108
-0.6130074999999997;0.04169017636923134;0.12862745098039213;0.01822757922400972
-0.6060399999999992;0.04178454944350303;0.1577450980392157;0.022175900520287447
-0.5990749999999996;0.04187805549211659;0.1385950980392157;0.025145008928349803
-0.5921074999999996;0.041970767212646885;0.11542549019607844;0.023783969809032506
-0.5851424999999995;0.042065384614569414;0.08666568627450981;0.014716603586755122
-0.5781774999999993;0.04215779512725138;0.08339803921568628;0.009164809267625645
-0.5712099999999993;0.04225217105203199;0.0711764705882353;0.01171654346414284
-0.5642449999999992;0.04234568913808143;0.06418235294117647;0.007140351862566789
-0.5572774999999992;0.042438421970148264;0.0559156862745098;0.007305880131315025
-0.5503125;0.042533039064172475;0.0554578431372549;0.0060921421550043245
-0.5433474999999994;0.042625473482633285;0.058366666666666664;0.005969474731158193
-0.5363799999999999;0.04271985206385298;0.06294117647058822;0.009328385297953592
-0.5294149999999993;0.04281338179460883;0.08101372549019609;0.020284224757747386
-0.5224474999999997;0.04290613515044458;0.10607843137254902;0.013718219362718328
-0.5154824999999992;0.0430007518147169;0.11447745098039215;0.013362353470949032
-0.5085174999999995;0.043093209494997384;0.139606862745098;0.01911481232569915
-0.5015499999999995;0.04318759054912051;0.1555892156862745;0.01850845110776935
-0.4945874999999993;0.04328029276405933;0.16862745098039217;0.027439055486431028
-0.48761749999999937;0.04337390486356694;0.1909813725490196;0.025533527524011026
-0.4806524999999997;0.04346852098428263;0.20937843137254902;0.021051181555137438
-0.47368749999999915;0.04356100130706916;0.20885588235294117;0.02229576620756487
-0.4667199999999996;0.04365538466046508;0.2167323529411765;0.02481926350472461
-0.4597574999999998;0.04374810639063865;0.24088235294117646;0.03205064801514065
-0.45278749999999945;0.043841729299982944;0.2643137254901961;0.02801740767168318
-0.4458224999999998;0.04393634477087111;0.24454313725490195;0.02542421139418133
-0.43885749999999923;0.044028847140288783;0.27098039215686276;0.05502526415192484
-0.43188999999999966;0.04412323262864523;0.3297372549019608;0.04664625942933903
-0.42492749999999946;0.04421597334814964;0.4152950980392157;0.05743464290676741
-0.41795749999999954;0.044309606726373664;0.37771176470588236;0.045674676704992666
-0.41099499999999933;0.0444039262507486;0.4341176470588235;0.0472433582298565
-0.4040274999999993;0.044496745290695555;0.38725490196078427;0.06863315707370515
-0.3970599999999993;0.044591132758471194;0.41042450980392153;0.11221586605100095
-0.39009749999999954;0.04468389196137247;0.5091176470588236;0.05349231124706488
-0.3831274999999992;0.04477753548167318;0.46137254901960784;0.06356709876273145
-0.3761649999999994;0.044871856888898526;0.45222254901960784;0.057354589727354514
-0.36919749999999985;0.0449646941250671;0.5182686274509805;0.061057784219560284
-0.3622299999999994;0.04505908342498044;0.6099686274509805;0.10416494901578079
-0.3552674999999996;0.04515186062434883;0.6864049019607843;0.07160385334785091
-0.34829749999999926;0.045245513973352004;0.7197058823529412;0.07806822440940696
-0.3413349999999995;0.04533983712109414;0.7538892156862745;0.076198973982566
-0.33436749999999904;0.04543269207729541;0.7311764705882353;0.08788927065312044
-0.32739999999999947;0.04552708306984739;0.6667647058823529;0.07005899386079477
-0.32043749999999926;0.0456198777968478;0.746928431372549;0.0981695046595165
-0.31346749999999934;0.04571354067392688;0.8131382352941177;0.08937184214365325
-0.30650499999999914;0.04580786542735416;0.8820911764705882;0.10104728002801704
-0.29953749999999957;0.04590073764498261;0.9388892156862745;0.09535192803647764
-0.2925699999999991;0.04599513019801019;0.951863725490196;0.09539025454381865
-0.28560749999999935;0.046087942001045296;0.9503598039215686;0.09518709643865476
-0.27863749999999987;0.0461816141176814;0.9361107843137254;0.09437379190184894
-0.2716749999999992;0.046275940349035836;0.9329088235294117;0.09376817800384675
-0.26470749999999965;0.04636882938624174;0.9499666666666667;0.09566258909864671
-0.2577424999999991;0.04646343979249705;0.9587911764705883;0.09595423888887175
-0.25077749999999943;0.046556051818402645;0.9491176470588235;0.0951188587883254
-0.24380749999999907;0.046649732897582404;0.9506862745098039;0.09532512824859952
-0.23684499999999975;0.04674406048577875;0.9633990196078432;0.09677852814422358
-0.2298774999999993;0.046836965916687574;0.9713725490196078;0.09717013288611749
-0.22291249999999962;0.046931575142393836;0.9726803921568627;0.09727434924864851
-0.21594749999999907;0.047024205886729835;0.9730725490196077;0.09734000521358839
-0.2089774999999996;0.04711789566237885;0.9814049019607842;0.09832024896278194
-0.20201499999999983;0.04721222449262953;0.9853588235294118;0.0985407378439376
-0.19504749999999937;0.047305145906605096;0.989444117647059;0.09912911487073367
-0.1880824999999997;0.0473997538883379;0.9925490196078433;0.09925719279564155
-0.18111749999999915;0.04749240289742148;0.9933333333333333;0.09934111299973512
-0.17414749999999968;0.04758610111387092;0.9937254901960785;0.09939701387256061
-0.16718499999999947;0.047680431077334454;0.995228431372549;0.09952318996650573
-0.16021749999999946;0.04777336807828321;0.9955558823529411;0.0995564990841403
-0.15325249999999935;0.047867974757007874;0.996078431372549;0.09960789333409265
-0.14628749999999968;0.04796064159285348;0.9960127450980392;0.09960162106594381
-0.13931999999999922;0.04805503960899745;0.9963392156862745;0.0996357417743298
-0.13235499999999956;0.04814867899778894;0.9964049019607844;0.09964173981726733
-0.1253874999999991;0.04824163120350253;0.9967980392156863;0.09968289638495131
-0.11842249999999943;0.048336236524307165;0.9966;0.09968468680875685
-0.11145749999999977;0.04842892076392962;0.9980382352941176;0.09980518636284944
-0.1044899999999993;0.04852331973704063;0.9963401960784314;0.09965410851504627
-0.09752499999999964;0.04861696705963348;0.9979078431372549;0.0998072487257605
-0.09055749999999918;0.048709934101167245;0.9985627450980392;0.09985765718723573
-0.08359249999999951;0.04880453801301347;0.9984647058823529;0.09984974497096953
-0.0766274999999994;0.04889723924776823;0.9989549019607843;0.09989822704427628
-0.06965999999999939;0.048991639083802135;0.9996088235294117;0.09996224304512023
-0.06269499999999928;0.04908529411398637;0.9992166666666666;0.09992986106205677
-0.05572749999999971;0.04917827563507133;0.9997392156862746;0.09997573558412859
-0.048762499999999154;0.049272878090560863;0.9996088235294117;0.09996224304512023
-0.04179749999999949;0.04936559592551969;0.9999343137254901;0.09999377656956063
-0.03482999999999992;0.04945999653523711;0.9995421568627452;0.09995728937745973
-0.027864999999999363;0.04955365905530377;0.9998696078431373;0.09998832112160418
-0.02089749999999979;0.0496466547117903;1.0;0.1000000499999875
-0.013932499999999237;0.04974125566694667;0.9997058823529411;0.09997135739358412
-0.006967499999999571;0.049833989720306095;0.99915;0.09991739767761439
8.881784197001252e-16;0.04992839101901338;0.9985950980392158;0.09986528935727765
0.006962500000000649;0.05002133049956639;0.9990529411764706;0.09991699919953617
0.01393250000000057;0.0501150702786906;0.9993460784313726;0.09993483813571835
0.02089750000000068;0.050209669692754685;0.998463725490196;0.09987518279900963
0.02786250000000079;0.050302419595275434;0.9996411764705883;0.09996693466330349
0.03483000000000036;0.05039682150258097;0.9990862745098039;0.09990867749669591
0.04179250000000012;0.050489774522883654;0.998921568627451;0.09989247277386883
0.048762500000000486;0.05058352132204869;0.9983666666666667;0.09986164521421842
0.05572750000000015;0.050678119157287066;0.9975490196078431;0.09981214010744585
0.0626925000000007;0.05077088455176266;0.9975156862745098;0.09980987584913177
0.06966000000000028;0.05086528699134812;0.9996745098039216;0.0999705276745957
0.07662250000000048;0.050958253238607976;0.9975823529411765;0.09977409079895655
0.0835925000000004;0.051052006865273156;0.9986274509803922;0.09989497237386263
0.09055500000000061;0.051146342333573326;0.9989882352941176;0.09989959324024072
0.09752250000000062;0.05123938362755118;0.9979735294117648;0.09980685987474266
0.10449000000000064;0.05133378652695604;0.9983;0.09983138304133712
0.1114525000000004;0.051426765698634566;0.9986941176470588;0.09986946183007284
0.11842250000000076;0.051520525967223285;0.9986941176470588;0.09986946183007284
0.12538500000000052;0.051614861848887784;0.9978441176470589;0.09979573033535098
0.1323525000000001;0.05170791589522823;0.9967980392156862;0.09968744454987435
0.13932000000000055;0.0518023191856472;0.9977774509803922;0.09978274336896872
0.14628250000000032;0.05189531098902964;0.9962745098039216;0.09963421983635481
0.15325250000000068;0.05198907772061788;0.9946078431372549;0.09948169488052275
0.16021500000000044;0.052083413949069776;0.9925156862745098;0.09929154374012972
0.16718250000000046;0.05217648046062824;0.9946411764705883;0.09946550577589265
0.17414750000000057;0.05227107268269784;0.9947725490196079;0.09947730516469414
0.18111250000000068;0.05236388822850755;0.9945098039215686;0.09945283147078353
0.1880825000000006;0.052457661250528975;0.9949352941176471;0.09949565905244642
0.1950450000000008;0.052551997762542095;0.994771568627451;0.09948287103031646
0.20201250000000037;0.052645076461358964;0.9927460784313726;0.09929213875434849
0.20897750000000004;0.05273966697020844;0.9923529411764707;0.0992399822224438
0.2159425000000006;0.05283249656698846;0.9934627450980392;0.09935865765527073
0.22291250000000096;0.052926275712955106;0.9928107843137255;0.09931552924484172
0.22987500000000072;0.053020612448480726;0.9901637254901962;0.09905254337499292
0.2368425000000003;0.05311370306540517;0.9883333333333334;0.09883411134210081
0.24380750000000084;0.053208291836806754;0.9878764705882352;0.09879809401810158
0.2507725000000005;0.05330113518423179;0.9853911764705883;0.09854406138618163
0.25774250000000043;0.05339492029346911;0.9850333333333333;0.09850831761106313
0.26470500000000063;0.053489257195472775;0.9840196078431372;0.09840274220367345
0.27167250000000065;0.05358235946980513;0.9824186274509804;0.09829877900930073
0.2786375000000003;0.05367694648158351;0.9705235294117647;0.09774926931836762
0.28560250000000087;0.05376980328854054;0.9546078431372549;0.09597370925481438
0.2925725000000008;0.05386359420593642;0.9333980392156863;0.09459876983597117
0.2995350000000001;0.05395793122024387;0.9045745098039216;0.09246683463661434
0.30650250000000057;0.05405104489939568;0.8669617647058825;0.09066035812338398
0.31346750000000023;0.05414563013130847;0.7945745098039216;0.10738441089864825
0.32043250000000034;0.054238500115532516;0.675293137254902;0.09208303214173952
0.32740000000000036;0.0543329044680295;0.6449019607843138;0.0648378605322586
0.33436500000000136;0.054426633766451064;0.6219931372549019;0.06404530659737477
0.3413325000000005;0.05451975860562155;0.6126470588235294;0.061388898436208095
0.3482975000000006;0.05461434203924664;0.6550313725490196;0.07958757888420138
0.3552625000000007;0.05470722492697457;0.6751303921568628;0.07072671493879057
0.3622300000000007;0.05480162930497528;0.5873205882352941;0.09677380906030492
0.36919500000000083;0.054895364103537014;0.5164372549019608;0.05335596420888915
0.37616250000000084;0.05498849986540548;0.5316666666666666;0.05427961604441394
0.38312750000000007;0.05508308148403531;0.46238529411764706;0.08437231105007534
0.3900925000000002;0.05517597700967557;0.46990196078431373;0.0599393481625978
0.3970600000000011;0.05527038136616682;0.4560460784313725;0.06680328610120648
0.4040250000000003;0.05536412152564234;0.4211441176470588;0.04964736951455588
0.4109925000000003;0.05545726798007476;0.38794117647058823;0.1140983965244594
0.4179575000000004;0.055551847768617116;0.29218921568627454;0.033032332522613846
0.42492250000000054;0.05564475567443514;0.3617;0.08072999073556905
0.43189000000000055;0.05573915996475726;0.3014392156862745;0.061031169438741394
0.43885500000000066;0.05583290535057241;0.29261470588235294;0.03589489836883166
0.4458225000000007;0.05592606227434261;0.25199313725490197;0.02727477150294048
0.4527874999999999;0.05602064021922666;0.28712450980392157;0.04391244964958366
0.4597525;0.05611356025504546;0.22173235294117646;0.028807131682809402
0.4667200000000009;0.05620796443677501;0.2285627450980392;0.02458050426953882
0.47368250000000023;0.056301062277820405;0.2247058823529412;0.023908849506218587
0.48065250000000015;0.05639488209533878;0.20117647058823532;0.026679439847434146
0.48761750000000026;0.056489458184427195;0.21807254901960788;0.03918513281452764
0.49458250000000037;0.056582390107341035;0.15643823529411766;0.024605932331288816
0.5015500000000004;0.056676794140180675;0.18009901960784314;0.019972135481805035
0.5085125000000006;0.05676990206176974;0.1568950980392157;0.054200853957656454
0.5154825000000005;0.056863726811688595;0.10784313725490197;0.012437602611991604
0.5224474999999997;0.056958301034194705;0.09068627450980392;0.01670324210472086
0.5294125000000007;0.057051244608296914;0.07228823529411764;0.013828071134036238
0.5363800000000007;0.05714564845397032;0.05780980392156863;0.007536904859316442
0.5433425000000001;0.05723876625092949;0.054150000000000004;0.005483100943798795
0.5503125;0.057332595812637346;0.05294117647058824;0.005467049245340706
0.5572750000000002;0.05742693221853577;0.054607843137254905;0.0054912607511097295
0.5642425000000002;0.05752012315516913;0.05728725490196078;0.006808824980354361
0.5712100000000002;0.05761452677732231;0.06385686274509804;0.009069495218683474
0.5781725000000004;0.05770765425043573;0.07637254901960784;0.009768873497057495
0.5851425000000003;0.05780148850721585;0.08709117647058824;0.011062663321209155
0.5921050000000005;0.057895824665308473;0.09565490196078431;0.017201207292911674
0.5990725000000006;0.057989025164677445;0.09986960784313725;0.016240933576901113
0.6060400000000006;0.05808342852878525;0.10882352941176471;0.03548087834929936
0.6130024999999999;0.058176565484573096;0.16209117647058824;0.026780352214418487
0.6199725000000007;0.05827040432344763;0.12326764705882352;0.01818189428664401
0.6269350000000009;0.058364740200344156;0.1297392156862745;0.01721372019197542
0.6339025;0.0584579500722277;0.15003235294117645;0.02172119418980619
0.6408700000000009;0.05855235314550482;0.17065392156862746;0.019175560735579585
0.6478325000000003;0.05864549939601072;0.19676470588235292;0.07017584397268031
0.6548025000000002;0.05873934270759262;0.2639872549019608;0.02687299302801251
0.6617650000000004;0.0588336782715893;0.22604705882352943;0.051567658477439396
0.6687325000000004;0.05892689733116966;0.21163333333333334;0.10529692822936747
0.6756975000000005;0.059021463243382304;0.15486960784313725;0.034215675303245596
0.6826625000000006;0.05911445544507575;0.23398725490196076;0.06089938131000536
0.6896325000000005;0.05920830312342722;0.2909470588235294;0.09885862091372316
0.6965950000000007;0.05930263834442595;0.2584313725490196;0.16731580792684225
0.7035624999999999;0.05939586641209179;0.1983980392156863;0.07491677176795083
0.7105300000000008;0.05949026881189708;0.25326764705882354;0.027690324688188585
0.7174925000000001;0.05958343310906059;0.26715686274509803;0.048166547574714204
0.7244625;0.059677285051558504;0.2784637254901961;0.065194838104743
0.7314250000000011;0.05977161990098953;0.20620980392156865;0.02800617736067447
0.7383925000000002;0.05986485680214712;0.2315362745098039;0.023961503823249776
0.7453575000000003;0.059959418901307786;0.21150392156862746;0.027675591698148472
0.7523225000000004;0.06005243188156182;0.3824843137254902;0.11988547366416481
0.7592900000000005;0.060146833742469895;0.24950882352941178;0.08078188115434157
0.7662550000000006;0.06024062243951867;0.2505225490196078;0.040979714659119655
0.7732225000000006;0.06033386800441182;0.2506862745098039;0.0327655755899326
0.7801874999999998;0.06042842819219544;0.24009803921568626;0.02467653934932162
0.7871525000000008;0.06052145127185112;0.2274176470588235;0.03581915146646443
0.7941225000000007;0.06061531144739472;0.21320196078431372;0.030672630153119572
0.8010850000000009;0.0607096454737351;0.20885686274509802;0.035267840811449305
0.8080525000000001;0.06080289953727285;0.18977058823529414;0.019030301443308677
0.8150175000000002;0.06089745781155259;0.1966676470588235;0.02244993224734584
0.8219825000000003;0.06099049080427338;0.15284313725490198;0.05564088321934404
0.8289500000000003;0.06108489180755515;0.11983627450980391;0.01512950905681571
0.8359150000000004;0.06117868853225158;0.15516372549019608;0.026420199939509337
0.8428825000000004;0.06127195093384309;0.1376137254901961;0.04275118725996225
0.8498475000000005;0.06136650729326226;0.10686274509803922;0.01161347218221711
0.8568125000000006;0.06145955001767377;0.11800588235294118;0.014096938182300314
0.8637800000000007;0.06155395055631647;0.10575196078431372;0.029809523653660717
0.8707450000000008;0.061647751158007275;0.14431470588235293;0.03331299794947576
0.8777125000000008;0.06174102174140429;0.09182941176470588;0.019999518406030467
0.8846775;0.06183557618533118;0.08996666666666667;0.014474367727817405
0.891642500000001;0.06192862846485003;0.08983627450980392;0.012445408982889136
0.898610000000001;0.06202302851660724;0.09026176470588236;0.01082942493999333
0.9055750000000002;0.06211683290772808;0.08333333333333333;0.01659479883745874
0.9125425000000003;0.0622101115208735;0.07150294117647059;0.007907747331276591
0.9195075000000004;0.06230466404935878;0.07290882352941176;0.010276199542207718
0.9264725000000005;0.06239772571202891;0.058300980392156865;0.01039710984863278
0.9334400000000005;0.06249212525581106;0.04970588235294118;0.005499516248691976
0.9404025000000007;0.06258534284286625;0.044771568627450985;0.00785350047925443
0.9473725000000006;0.06267921984629485;0.03562058823529411;0.005866008629725042
0.9543375000000007;0.06277377046003144;0.03300686274509804;0.005217267152856738
0.9613025;0.06286684133836735;0.03048921568627451;0.00460472380962608
0.9682700000000009;0.06296124035418754;0.02767843137254902;0.008301773663301315
0.9752325000000002;0.063054465704803;0.02261470588235294;0.0023313180365719683
0.982202500000001;0.0631483463043531;0.023529411764705882;0.0025837870271693355
0.9891675000000002;0.0632428950046379;0.02369313725490196;0.0024388050973967886
0.9961325000000003;0.06333597493547402;0.02464117647058824;0.002550353765983714
1.0031000000000012;0.06343037340439718;0.026601960784313726;0.005074022952219108
1.0100625000000005;0.06352360637755794;0.03418235294117647;0.004280315759245641
1.0170325000000005;0.06361749049390837;0.03777745098039216;0.004639317987852653
1.0239950000000007;0.0637118212771027;0.03970588235294118;0.005427026292463025
1.0309625000000007;0.06380512610695337;0.04745;0.007927773891947239
1.0379300000000007;0.06389952401104741;0.047777450980392155;0.00678417258415087
1.044892500000001;0.06399276446940987;0.04986862745098039;0.007208449471143852
1.0518625;0.06408665202555239;0.04947647058823529;0.00648390397265749
1.0588250000000001;0.06418098223115984;0.05277745098039216;0.006254753944147812
1.0657925000000001;0.06427429446796867;0.06317058823529412;0.009272604418820678
1.072760000000001;0.06436869179025843;0.07418333333333332;0.011971147747920316
1.0797225000000004;0.06446193960002662;0.07085098039215687;0.010799750014906259
1.0866925000000003;0.0645558305211825;0.07156764705882353;0.011141366324764503
1.0936550000000014;0.06465016013283435;0.0881372549019608;0.01516947378021659
1.1006225000000005;0.06474347964482403;0.10800588235294119;0.013615390848633056
1.1075900000000005;0.06483787636924751;0.08702549019607843;0.027245527721354024
1.1145525000000007;0.06493113140005566;0.08307156862745098;0.020237837583585647
1.1215225000000006;0.06502502561359524;0.13823529411764707;0.05531764145234604
1.1284850000000008;0.06511935461580894;0.13450980392156864;0.04693383248310295
1.1354525000000009;0.06521268127456534;0.10009901960784315;0.012668107048332222
1.1424200000000009;0.06530707738593157;0.08918235294117646;0.00902325321829927
1.1493825000000002;0.06540033951073035;0.13019607843137254;0.06825373591972729
1.1563525000000001;0.065494236946097;0.1533;0.04624821614606965
1.1633150000000003;0.06558856532423556;0.11320294117647059;0.022080410023699454
1.1702825000000003;0.0656818990045965;0.09281078431372548;0.011205267491951826
1.1772500000000004;0.06577629448854636;0.1059813725490196;0.021465205536142198
1.1842125000000006;0.06586956358349415;0.11833333333333335;0.013827117830263481
1.1911825000000005;0.06596346417213055;0.09725490196078432;0.013946056709954715
1.1981450000000007;0.06605779191236445;0.11653529411764707;0.01875318817510091
1.2051125000000007;0.06615113249231402;0.0795421568627451;0.02041342354072325
1.2120775;0.06624566901211107;0.09418333333333334;0.02616160576852895
1.2190425;0.06633880327964062;0.10542549019607844;0.013640978505657996
1.2260125000000008;0.06643270695491871;0.09908627450980392;0.010931881325831143
1.2329750000000002;0.06652703404418882;0.08049117647058825;0.013823486511197518
1.2399425000000002;0.06662038140475511;0.08274509803921569;0.016257982315730266
1.2469075000000003;0.06671491603626682;0.10486862745098038;0.011736590078653849
1.2538725000000004;0.06680805826996777;0.08738529411764706;0.014664652603118146
1.2608425000000003;0.06690196496712134;0.10879019607843138;0.016399735663561132
1.2678050000000005;0.06699629139310444;0.10683039215686276;0.014541610659006055
1.2747725000000005;0.06708964541826166;0.10503333333333334;0.021094033704800376
1.2817374999999998;0.06718417816661727;0.07578431372549019;0.01390428251121705
1.2887025000000008;0.06727732823444807;0.07578529411764706;0.013545339800302234
1.2956700000000008;0.06737172148821387;0.09627450980392158;0.05271463994118884
1.302635;0.06746556364158347;0.10954313725490195;0.04526035969556454
1.3096025;0.06755892421815797;0.0874843137254902;0.03929351382831567
1.316567500000001;0.06765345508882091;0.10901960784313725;0.032999964970719164
1.3235325000000002;0.06774661286191065;0.07042450980392156;0.01129396815711592
1.3305000000000002;0.06784100543403918;0.0657186274509804;0.007578284770373438
1.3374650000000012;0.06793485048086163;0.0571578431372549;0.011437633097011287
1.3444325000000004;0.06802821749844119;0.044051960784313726;0.006056742315255592
1.3513975000000005;0.06812274649718789;0.03885588235294118;0.0043255817705954176
1.3583625000000006;0.06821591184973791;0.036438235294117646;0.004781401418268441
1.3653300000000006;0.06831030372975143;0.03774509803921568;0.003782861145581641
1.3722950000000007;0.0684041516106383;0.03320196078431372;0.004937442653741927
1.3792625000000007;0.06849752496148545;0.029607843137254904;0.003143375565358519
1.3862275;0.06859205209438504;0.02686372549019608;0.004696092623158657
1.3931925;0.06868522490357391;0.024182352941176467;0.004555910752649563
1.400160000000001;0.06877961608161345;0.019281372549019606;0.002280600271358139
1.4071225000000003;0.0688729270496845;0.019084313725490194;0.002101171283176524
1.4140925000000002;0.06896684631775704;0.020033333333333334;0.002960424310451301
1.4210575000000003;0.06906137159115235;0.01901862745098039;0.002612943316739997
1.4280225000000004;0.06915455173704417;0.017516666666666666;0.0023013234321319913
1.4349900000000004;0.06924894220384213;0.015032352941176472;0.0018793455917583573
1.4419550000000005;0.06934279558108816;0.013922549019607844;0.0015548335533337137
1.4489225000000006;0.06943618128554153;0.015652941176470588;0.0018121864765271983
1.4558875000000007;0.06953070470603116;0.015881372549019605;0.001918873996837087
1.4628525;0.06962389207148799;0.01715686274509804;0.002506667515358104
1.4698200000000008;0.06971828181834157;0.019346078431372548;0.0034246527418155667
1.4767825;0.06981160497350893;0.020815686274509804;0.0030672298765701826
1.4837525;0.06990552959068232;0.024868627450980393;0.003989160417056821
1.4907150000000011;0.06999985152371824;0.02473921568627451;0.0025323569695235404
1.4976825000000002;0.0700932456357;0.028170588235294114;0.004634997816027702
1.5046500000000003;0.07018763465444612;0.03258235294117647;0.003437951614456621
1.5116125000000005;0.07028096375456748;0.028234313725490196;0.008815118431772025
1.5185825000000004;0.07037489096632836;0.027679411764705883;0.005548815808112285
1.5255475000000005;0.07046941070174008;0.02977156862745098;0.004762786155063225
1.5325125000000006;0.07056261216568326;0.03506470588235294;0.006886041008554781
1.5394800000000006;0.0706570004486746;0.037875490196078436;0.005521721250803505
1.5464425000000008;0.07075033539777813;0.03738529411764706;0.014691802002969233
1.5534124999999999;0.07084426515269354;0.06509803921568627;0.012798723183786904
1.560375;0.070938585609191;0.047058823529411764;0.016906767282849403
1.5673425;0.07103199140441145;0.04415;0.00966384235129965
1.57431;0.0711263789444935;0.050620588235294126;0.007250963262889945
1.5812725000000003;0.07121971964883772;0.0554578431372549;0.006109656165360378
1.5882425000000002;0.07131365189682391;0.04950980392156863;0.006151252908262444
1.5952050000000004;0.07140797160456257;0.05238529411764706;0.007914208802576574
1.6021725000000004;0.07150138310160027;0.05398627450980392;0.006818931539151869
1.6091400000000005;0.0715957698920897;0.05483627450980392;0.006875811060240608
1.6161025000000007;0.07168911626009684;0.06310490196078432;0.01236954989739852
1.6230725000000006;0.07178305095237512;0.0710127450980392;0.0075325866610585065
1.6300350000000008;0.07187736990497912;0.06787549019607843;0.006991122156981727
1.6370025000000008;0.07197078701348857;0.0671892156862745;0.0072228675074014655
1.6439700000000008;0.07206517304815216;0.06934509803921568;0.010301280961121246
1.650932500000001;0.07215852499034343;0.06617647058823528;0.01417056038039065
1.6579025;0.07225246207939831;0.05558921568627451;0.006605408048776158
1.6648650000000003;0.07234678027092888;0.05081764705882353;0.00655971013771664
1.6718325000000003;0.0724402029026268;0.05973823529411765;0.0072757292168506744
1.6787975000000004;0.07253471463530951;0.05745196078431373;0.006119474233536102
1.6857625000000005;0.07262794560459507;0.05104509803921569;0.010114491621112569
1.6927325000000004;0.07272188504413353;0.04764705882352941;0.007781123134015278
1.6996950000000006;0.07281620246907013;0.04928039215686274;0.006460425240202822
1.7066625000000015;0.07290963053767473;0.055717647058823525;0.019634755115821665
1.7136275000000007;0.07300414047269432;0.0603264705882353;0.020945924704262823
1.7205925000000009;0.07309737787390003;0.04169901960784314;0.007524047369707815
1.7275625000000008;0.07319131961881241;0.04483725490196079;0.005216529327658686
1.734525000000001;0.07328563627203398;0.045914705882352934;0.004786923397267114
1.741492500000001;0.07337906969320625;0.04084901960784314;0.004964288807094738
1.748457500000001;0.07347357783871471;0.039640196078431375;0.00466373750103218
1.7554225000000003;0.07356682157514424;0.037679411764705885;0.005412680154586109
1.7623900000000012;0.07366120499906409;0.028104901960784315;0.005212164601464219
1.7693550000000005;0.0737550814582344;0.0279421568627451;0.0055231237722310105
1.7763225000000005;0.07384852014952148;0.03640588235294118;0.004297925412059022
1.7832875000000006;0.07394302651379736;0.02950980392156863;0.005342921384378244
1.7902525000000007;0.07403627649086754;0.021666666666666667;0.007268409524018496
1.7972200000000007;0.0741306591364002;0.022581372549019606;0.004937642834347141
1.8041850000000008;0.07422453781168604;0.023987254901960783;0.005479684576429335
1.8111525;0.07431798169246687;0.019803921568627453;0.002689730137434994
1.8181175;0.07441248628390465;0.020098039215686272;0.002871945775289643
1.8250825000000002;0.07450574240908518;0.018497058823529415;0.0028373038347610418
1.832050000000001;0.07460012427210734;0.02199313725490196;0.0026869213875728255
1.8390125000000004;0.07469350485248026;0.017025490196078432;0.0045432771211837645
1.8459825000000003;0.07478745411326072;0.01597941176470588;0.002419298109300188
1.8529475000000004;0.07488195694036144;0.016861764705882354;0.002085574728915526
1.8599125000000014;0.07497521912311693;0.01650294117647059;0.004000351158413348
1.8668800000000005;0.07506960019984284;0.017254901960784313;0.003037485486844122
1.8738450000000006;0.07516348318335644;0.015195098039215687;0.006654074084283527
1.8808125000000007;0.07525693720832657;0.012549019607843137;0.0038396088911851083
1.8877774999999999;0.07535143827968831;0.010358823529411766;0.0013646489123034847
1.8947425000000009;0.0754447064314226;0.011273529411764707;0.003314899143880891
1.90171;0.07553908671838916;0.013791176470588234;0.004368989387193649
1.9086725000000002;0.07563247731762128;0.013822549019607841;0.0015288802107535373
1.9156425000000001;0.07572643077913176;0.014248039215686275;0.00161911269215779
1.9226075000000011;0.07582093010344111;0.014770588235294119;0.0017200622699432655
1.9295725000000004;0.07591420413744293;0.01529313725490196;0.0015733727275237402
1.9365400000000004;0.07600858363149574;0.017254901960784313;0.002380475066122971
1.9435025000000006;0.07610197912819036;0.01849705882352941;0.0020210489393380072
1.9504724999999996;0.07619593463203223;0.0196078431372549;0.003862297177174944
1.9574375000000006;0.07629043221805606;0.02255;0.002928187660943351
1.9644025000000007;0.07638371204944723;0.023105882352941177;0.0026707676271171855
1.9713700000000007;0.07647809074772678;0.02470686274509804;0.0037998505956012836
1.9783325;0.07657149106938069;0.02607843137254902;0.0037386592153388055
1.9853025000000009;0.07666544857812371;0.028137254901960784;0.003307798195044757
1.9922675;0.07675994443470112;0.026699019607843134;0.0031078252339642254
1.9992325000000002;0.07685322998038581;0.02774509803921569;0.003444126251875336
2.006200000000001;0.07694760788031471;0.023987254901960787;0.005319001272065197
2.0131625000000013;0.0770410129559746;0.02581666666666667;0.003458662288473399
2.0201325000000003;0.07713497243309678;0.026797058823529413;0.0034254688087408626
2.0270950000000005;0.07722928245003877;0.03682941176470588;0.009188382907576002
2.0340625000000006;0.07732275774774819;0.04101274509803922;0.006629511530190199
2.0410300000000006;0.0774171348470188;0.039379411764705885;0.005490181742219842
2.0479925000000008;0.07751054460723873;0.03660098039215686;0.007114041711657427
2.0549625000000007;0.07760450601709909;0.04205882352941177;0.011779640357463064
2.061925;0.07769881523073889;0.04562058823529412;0.0051574984905346085
2.0688925;0.0777922951734266;0.04196078431372549;0.00475152808002013
2.075860000000001;0.07788667146998904;0.03673333333333333;0.006464532983706096
2.0828225000000002;0.07798008584678863;0.039934313725490195;0.009340343502610812
2.0897925;0.07807404915460082;0.03849803921568628;0.008748762288104166
2.0967550000000013;0.07816835756306272;0.03346372549019608;0.0041713090120669575
2.1037224999999995;0.07826184208358364;0.034771568627450976;0.006217863855119345
2.1106875000000005;0.0783563321270769;0.03718921568627451;0.004776882644726221
2.1176525000000006;0.07844963650245923;0.03372549019607843;0.0035246329302990828
2.1246225000000005;0.07854360167426601;0.03415;0.005666174771999266
2.1315850000000007;0.07863790927591369;0.043300980392156865;0.007882901256211043
2.1385525000000007;0.0787313983085258;0.04196078431372549;0.006822824695034464
2.1455175;0.07882588666214509;0.03519607843137255;0.008875559811265284
2.1524825;0.07891919640617956;0.03438039215686275;0.008539602857734831
2.1594525;0.07901316340882825;0.04212450980392157;0.004379261410087944
2.166415000000001;0.07910747020225414;0.04369411764705883;0.004570113882008605
2.1733825;0.07920096368258012;0.040098039215686276;0.00956668327779216
2.1803475000000003;0.07929545035543704;0.03297352941176471;0.005430217211244584
2.1873125000000004;0.07938876539385141;0.03780980392156863;0.004426286437154112
2.1942825000000012;0.07948273419497034;0.03366078431372549;0.004543297148675296
2.2012450000000006;0.07957704017898573;0.027222549019607842;0.0062884256598843835
2.2082125000000006;0.07967053804397639;0.025229411764705882;0.0031290461787046187
2.2151775000000007;0.07976502304521389;0.023758823529411766;0.002991920143712725
2.2221425;0.07985834330523338;0.023431372549019606;0.00451147610374118
2.2291125000000007;0.07995231387320888;0.02418333333333333;0.002982664396017345
2.236075;0.08004661904683408;0.024149999999999998;0.005111746425190005
2.2430425;0.08014012123473302;0.01892058823529412;0.003952306578947219
2.2500075;0.08023460457352001;0.0186921568627451;0.004075070049929052
2.2569725000000003;0.08032792998382772;0.023462745098039216;0.004339724781041883
2.2639425;0.0804219022877823;0.01856078431372549;0.004809341304499019
2.2709050000000004;0.08051620665023743;0.015195098039215687;0.0033081537462987306
2.2778725000000004;0.08060971310054635;0.015391176470588236;0.0027038705004253857
2.2848374999999996;0.08070419478607298;0.015425490196078431;0.001697528440590273
2.2918025000000006;0.0807975252767721;0.01431372549019608;0.0031343017146155056
2.2987700000000006;0.08089189640292015;0.013366666666666666;0.001950945468863376
2.3057350000000008;0.0809858028372392;0.015653921568627452;0.0032537213717468514
2.3127025;0.08107931349068505;0.012092156862745097;0.0015776004267549814
